gene	SNP	r	LOD	CI.l	CI.r
SSA1	YAR002C_94	0.45712967935925297	5.1411876950340005	chrI:YAL010C_84	chrI:gAR03_95
MTW1	NBR034W_280	0.410442738479528	4.04598666649087	chrI:YAL067C_15	chrI:YBR249C_327
CDC24	YBR163W_287	-0.453366836938185	5.04640328553542	chrI:YBR137W_266	chrI:YBR202W_310
BDH1	YAL067C_25	-0.538429268309036	7.508552303019839	chrI:YAL069W_1	chrI:YAL055W_73
PEP1	NBR035W_283	0.39122951196470596	3.6434552000799196	chrI:YBR126C_258	chrI:NBR035W_283
PET9	NBL017W_172	-0.398215504029454	3.7867370407835	chrI:NBL017W_170	chrI:NBR016C_226
IPP1	YBR147W_276	-0.439145989335455	4.69878858038483	chrI:YBR147W_276	chrI:YBR147W_276
REB1	YBR142W_273	0.541666624134159	7.61681631683134	chrI:gBR08_271	chrI:NBR035W_282
YBR090C	NBR031C_279	-0.483919308073901	5.85154120829077	chrI:YBR147W_276	chrI:YBR176W_295
EXO84	NBR031C_279	-0.41262925768884795	4.09350440330548	chrI:YBR142W_273	chrI:NBR035W_283
IRA1	NBR034W_280	-0.527636156524953	7.156022887251151	chrI:YBR142W_273	chrI:YBR166C_290
TOS1	YBR207W_311	0.48140039144726393	5.78201569539207	chrI:YBR176W_294	chrI:NBR051C_325
PGI1	YBR188C_299	0.496905561598706	6.2193821264505305	chrI:YBR174C_293	chrI:YBR199W_307
YBR255W	YBR147W_276	-0.620531208670293	10.6639101074627	chrI:YBR147W_276	chrI:NBR035W_282
BUD3	YBR147W_276	-0.42345547555764707	4.3340746675099595	chrI:YBR139W_269	chrI:YBR162W_286
PDI1	YBR147W_276	-0.48754993955743203	5.952783281611151	chrI:YBR147W_276	chrI:YBR166C_290
RSA4	NBR034W_280	-0.4599379948551379	5.21270919419905	chrI:YBR154C_277	chrI:YBR199W_308
TUP1	NBR041W_297	0.40877075975227506	4.00989020381478	chrI:YBR161W_284	chrI:NBR056W_326
GCV1	YBR147W_276	-0.509075506578174	6.57885361995088	chrI:YBR147W_276	chrI:NBR035W_282
MRH1	NBR044W_309	0.416902560423474	4.1874034653354	chrI:YBR126C_258	chrI:NBR044W_309
TPI1	YBR156C_278	-0.541996837972467	7.627926044871759	chrI:YBR147W_276	chrI:NBR035W_283
RPS13	YBR163W_287	-0.452100844228108	5.01478083697779	chrI:YBR147W_276	chrI:YBR198C_306
BMH2	YBR154C_277	0.5220959659294849	6.979972063182959	chrI:YBR147W_276	chrI:NBR035W_283
SPO71	YBR154C_277	0.483428813898021	5.83795713745309	chrI:gBR08_271	chrI:NBR035W_282
YCF1	YBR147W_276	-0.504825198488403	6.451648150105849	chrI:YBR147W_276	chrI:NBR035W_283
DOP1	YBR147W_276	-0.394705321976682	3.71430966543684	chrI:YBR139W_268	chrI:YBR162W_286
HMO1	YBR144C_274	-0.3894942178747439	3.60840046722212	chrI:NBR016C_226	chrI:NBR038W_296
MSS4	NBR035W_283	0.501258691939163	6.34629081920439	chrI:YBR142W_273	chrI:NBR035W_283
AHA1	NBR041W_297	0.40650487402964103	3.96130089174217	chrI:YBR139W_268	chrI:NBR056W_326
SIR4	YBR154C_277	0.40562387869569705	3.9425107640297097	chrI:gBR07_263	chrI:YBR161W_285
RTN1	YBR156C_278	0.497884635617745	6.2477652236706795	chrI:YBR147W_276	chrI:NBR035W_283
YDR239C	NBR034W_280	0.454439126562586	5.07329235689275	chrI:gBR08_271	chrI:YBR174C_293
RTT103	NBR034W_280	-0.5895596366335529	9.36639206951183	chrI:YBR142W_273	chrI:NBR035W_282
RPP2B	NBR034W_280	0.513950326206517	6.72698976506466	chrI:YBR142W_273	chrI:NBR041W_297
ECM10	YBR161W_285	0.42802149394000893	4.43822010446099	chrI:YBR140C_270	chrI:YBR229C_322
PRB1	YBR154C_277	0.49340764049174396	6.118731281329089	chrI:YBR142W_273	chrI:NBR035W_283
RPL34A	YBR147W_276	-0.4296964117648371	4.47682847049175	chrI:YBR132C_260	chrI:YBR166C_290
GDI1	YBR162W_286	-0.407018223046901	3.97227599395859	chrI:YBR139W_268	chrI:NBR050C_324
BMH1	YBR147W_276	0.537794866174709	7.4874748295551905	chrI:YBR142W_273	chrI:YBR161W_285
SEC4	YBR154C_277	0.428319331700523	4.44506955064177	chrI:gBR07_262	chrI:YBR161W_285
MOB2	YBR147W_276	-0.40450680615283	3.91876716429896	chrI:YBR131W_259	chrI:NBR035W_283
FAB1	YBR154C_277	0.460817581474742	5.23524866782574	chrI:YBR142W_273	chrI:YBR161W_285
PMC1	YBR147W_276	-0.49684730956811396	6.21769633228919	chrI:YBR147W_276	chrI:NBR035W_282
SCY1	NBR035W_283	-0.492730986953844	6.099395952621781	chrI:YBR147W_276	chrI:NBR035W_283
YGL085W	YBR147W_276	-0.43627045988361896	4.63049542400655	chrI:YBR142W_273	chrI:YBR166C_290
SEC27	NBR031C_279	-0.426850877197774	4.41136595890091	chrI:gBR08_271	chrI:YBR166C_290
RAD54	NBR031C_279	-0.48059420201363795	5.75988670168176	chrI:YBR147W_276	chrI:NBR035W_283
ATG1	NBR041W_297	0.413069526112306	4.1031154241931	chrI:YBR142W_273	chrI:NBR056W_326
PEX31	NBR034W_280	0.487064453478654	5.9391742432585	chrI:gBR07_265	chrI:YBR198C_306
STF2	YBR156C_278	-0.4339698236591671	4.576330341823691	chrI:gBR07_262	chrI:YBR161W_285
ACB1	YBR142W_273	-0.406805282486335	3.9677211013328795	chrI:gBR07_262	chrI:NBR035W_283
BUD9	YBR147W_276	-0.43201609167472704	4.53066153528954	chrI:YBR147W_276	chrI:YBR166C_290
TIF4631	NBR056W_326	0.401593989871493	3.8572822490253698	chrI:YBR139W_268	chrI:NBR056W_326
KRE11	YBR147W_276	0.47126219829576893	5.5080128968347095	chrI:gBR07_262	chrI:YBR161W_285
SNG1	YBR161W_285	0.45078372297841296	4.982023250695541	chrI:gBR08_271	chrI:NBR038W_296
ENO1	NBR035W_283	-0.404797448853865	3.9249360590484907	chrI:NBR023W_250	chrI:YBR162W_286
HSE1	YBR154C_277	0.46627361867654904	5.376548621642799	chrI:YBR132C_260	chrI:YBR161W_285
LEU5	YBR147W_276	-0.42586836640319503	4.38890902294623	chrI:YBR147W_276	chrI:YBR198C_306
MRS11	NBR031C_279	-0.408223384781005	3.9981177560790098	chrI:YBR142W_273	chrI:YBR198C_306
RRM3	YBR249C_327	-0.390346250325961	3.6255859291578	chrI:YBR132C_260	chrI:YBR249C_327
YHR087W	YBR142W_273	-0.45078218392529296	4.98198505799857	chrI:gBR07_262	chrI:NBR035W_283
YCK1	NBR035W_283	-0.399562094263844	3.8147562108337003	chrI:gBR07_262	chrI:YBR198C_306
DNA2	YBR147W_276	-0.464962371852315	5.34235480301371	chrI:YBR147W_276	chrI:NBR038W_296
MDM31	NBR035W_283	-0.40718898640363	3.97593110382356	chrI:YBR138C_267	chrI:YBR172C_292
RPS4A	YBR147W_276	0.435582918106896	4.61426422883434	chrI:gBR08_271	chrI:NBR051C_325
NEO1	YBR045C_215	0.44157650176424296	4.75703033693138	chrI:YBR037C_214	chrI:NBR008W_219
RHR2	YBR037C_214	0.39625561434090706	3.74618910066077	chrI:YBR037C_214	chrI:NBR008W_219
SEC24	NBR035W_283	-0.393119870597204	3.68188406079021	chrI:YBR132C_260	chrI:YBR249C_327
VPS53	NBR031C_279	-0.41186551300160296	4.07686619546354	chrI:YBR142W_273	chrI:gBR09_313
KAR2	YBR163W_287	-0.460528598630271	5.227836154489769	chrI:gBR07_265	chrI:YBR166C_290
UTP18	NBR035W_283	-0.4046217513910779	3.92120614128049	chrI:YBR131W_259	chrI:YBR249C_327
INO1	YBR154C_277	-0.442939064638185	4.78988988932382	chrI:gBR07_262	chrI:NBR035W_283
ILV3	NBR035W_283	-0.500645239670742	6.32829492286963	chrI:YBR147W_276	chrI:NBR035W_283
RAD26	YBR147W_276	-0.45488257008817407	5.0844405162829105	chrI:YBR147W_276	chrI:NBR035W_282
YJR061W	YBR154C_277	-0.416176802160414	4.17135941287143	chrI:gBR07_262	chrI:YBR249C_327
NPA3	YBR142W_273	0.39666253956534797	3.75458531956517	chrI:gBR07_262	chrI:NBR051C_325
CCE1	YBR156C_278	-0.38916426257832704	3.60175897716273	chrI:gBR07_262	chrI:YBR249C_327
COY1	NBR035W_283	0.5162461085419461	6.79759437011528	chrI:YBR142W_273	chrI:NBR035W_283
PRS1	NBR035W_283	-0.431305838186499	4.514133765461589	chrI:gBR07_262	chrI:NBR035W_283
FAS1	NAL013C_12	0.44981450246212795	4.95801030011856	chrI:YAL069W_1	chrI:YAL059W_67
TRK2	YBR154C_277	0.40944103277599103	4.02433594902008	chrI:YBR140C_270	chrI:YBR229C_322
NFT1	YBR147W_276	0.44781117054086206	4.90862323538326	chrI:gBR07_262	chrI:YBR161W_285
ADE16	NBR031C_279	-0.410581632570685	4.04899456956305	chrI:YBR154C_277	chrI:NBR035W_283
YLR072W	YBR154C_277	0.453999050825697	5.0622452045259605	chrI:YBR142W_273	chrI:NBR035W_283
CCW12	NBR034W_280	-0.42994482349387	4.48257323159176	chrI:YBR139W_269	chrI:YBR166C_290
HCR1	YBR147W_276	-0.45496060934206106	5.08640413323971	chrI:YBR139W_268	chrI:NBR035W_282
YEF3	YBR142W_273	0.452657601744988	5.028671230088269	chrI:gBR08_271	chrI:YBR161W_285
RPS30A	YBR147W_276	-0.41527150796973705	4.15140200003205	chrI:YBR131W_259	chrI:YBR161W_284
RPL38	YBR147W_276	-0.40961230611280797	4.02803256259306	chrI:YBR132C_260	chrI:YBR166C_290
SUR4	YBR161W_285	0.397303315504622	3.7678306583373797	chrI:YBR139W_268	chrI:YBR202W_310
FBP1	NBR038W_296	0.41601736972571396	4.16784021756152	chrI:YBR139W_268	chrI:NBR051C_325
YLR413W	YBR008C_209	-0.413400168843962	4.11034283881705	chrI:YBR005W_207	chrI:NBR002C_212
CRN1	YBR147W_276	0.410435679513744	4.0458338350742995	chrI:YBR139W_268	chrI:NBR056W_326
YOX1	NBR034W_280	-0.6115732847376071	10.273762841979	chrI:YBR142W_273	chrI:NBR035W_282
ZDS2	YBR142W_273	0.491180648813181	6.055259109856549	chrI:YBR139W_269	chrI:YBR229C_321
CLU1	YBR147W_276	0.40045497651221296	3.83340684080566	chrI:YBR132C_260	chrI:NBR056W_326
POM152	YAL010C_85	0.486468877858059	5.92250922373629	chrI:YAL010C_84	chrI:YAR002C_94
HEF3	YBR172C_292	0.397951851251731	3.7812663378511	chrI:YBR139W_268	chrI:NBR050C_324
MTQ1	YBR147W_276	-0.46563898272640897	5.359980327347371	chrI:YBR142W_273	chrI:YBR198C_306
LEU4	YBR147W_276	-0.6148126724495849	10.413395951559199	chrI:YBR147W_276	chrI:YBR147W_276
INN1	YBR147W_276	0.49741686608717606	6.234193155961809	chrI:gBR07_262	chrI:NBR041W_297
YNL208W	NBR034W_280	-0.48868625855425896	5.98472247555067	chrI:gBR07_263	chrI:YBR161W_285
PDR16	NBR031C_279	-0.40027915043502005	3.82972961793771	chrI:YBR126C_258	chrI:YBR230C_323
SEC21	YBR154C_277	-0.430533751019897	4.49621204101513	chrI:YBR139W_268	chrI:YBR249C_327
ACC1	YAL059W_67	0.38914298630596506	3.6013309808492298	chrI:YAL069W_1	chrI:YAL047C_79
SSK2	YBR147W_276	-0.512448105077839	6.681082792902581	chrI:YBR147W_276	chrI:NBR035W_282
CTR9	NBR050C_324	0.387881945728256	3.5760203735578595	chrI:gBR07_263	chrI:NBR051C_325
ALG6	YBR161W_285	0.44213810425315797	4.77055571067047	chrI:YBR139W_268	chrI:NBR043C_303
SIA1	NBR034W_280	-0.640265484846413	11.5697391174494	chrI:YBR142W_273	chrI:NBR035W_282
YOR192C-B	NBR034W_280	-0.515719224134834	6.78134258565197	chrI:YBR147W_276	chrI:NBR035W_283
SLK19	NBR034W_280	-0.42577445478465503	4.38676642649885	chrI:gBR07_262	chrI:NBR035W_283
YOR251C	YBR142W_273	0.47902061868622103	5.716864412891849	chrI:gBR08_271	chrI:NBR035W_283
PMT3	YBR154C_277	0.43821959210972794	4.6767146192010705	chrI:YBR142W_273	chrI:YBR161W_285
YPL225W	YBR142W_273	0.40799883461198205	3.9932947214100896	chrI:YBR119W_254	chrI:YBR166C_290
NEW1	YBR154C_277	-0.398406527697464	3.79070383205764	chrI:gBR07_262	chrI:YBR249C_327
TIF6	NBR043C_303	0.44721473778226206	4.89398366638238	chrI:YBR142W_273	chrI:NBR051C_325
ANT1	NBR034W_280	-0.502033246753698	6.36906536719255	chrI:YBR142W_273	chrI:NBR035W_283
RHO1	YAL004W_93	0.44859715982388304	4.92796028001457	chrI:YAL011W_83	chrI:gAR03_95
EFB1	YCL018W_366	0.557134438323628	8.150800007462161	chrIII:gCL01_349	chrIII:YCL009C_371
ERP2	YCL018W_366	0.35921150850553996	3.02991181069997	chrIII:YCL023C_347	chrIII:YCL009C_371
LTE1	YCL022C_348	0.42289094719612397	4.3213100886590405	chrIII:YCL025C_346	chrIII:YCL009C_371
DRS2	YCL018W_366	0.325037246737521	2.4488513484405803	chrIII:YCL025C_346	chrIII:YCL009C_371
GIP4	YCL009C_371	-0.41906949405304106	4.23554373164244	chrIII:YCL022C_348	chrIII:gCR02_375
FUN12	YCL065W_340	0.357101750958276	2.99188998431144	chrIII:YCL065W_340	chrIII:gCR02_375
GCV3	YCL025C_346	-0.36350455623464	3.1081794193491805	chrIII:YCL026C_345	chrIII:YCL009C_371
BDH1	YCL032W_344	-0.41826024387923605	4.2175239827872595	chrIII:YCL039W_343	chrIII:YCL025C_346
ADE1	YCL025C_346	-0.365023568397146	3.1361633302364	chrIII:YCL026C_345	chrIII:YCL009C_371
HTB1	YCL022C_348	0.4502868098687489	4.96970222506197	chrIII:YCL023C_347	chrIII:YCL009C_371
HTA1	YCL022C_348	0.37309261740202293	3.2873875752261696	chrIII:YCL026C_345	chrIII:YCL009C_371
YBL005W-B	YCL018W_366	0.5253287211900449	7.082301683195831	chrIII:gCL01_349	chrIII:YCL014W_370
RPL19A	YCL018W_366	0.431832982217085	4.52639674008368	chrIII:YCL018W_359	chrIII:YCL018W_369
YBL059C-A	YCL018W_360	-0.521168746974815	6.950825914931889	chrIII:YCL022C_348	chrIII:YCL009C_371
PRX1	YCL039W_343	-0.367785955454124	3.1874448878971804	chrIII:YCL065W_340	chrIII:YCL025C_346
RPS8A	YCL018W_366	0.420909693275833	4.27670499389603	chrIII:YCL023C_347	chrIII:gCR02_375
RPL23A	YCL018W_366	0.328147674289019	2.49873035485593	chrIII:YCL065W_340	chrIII:NCR015C_374
AVT5	YCL018W_360	-0.515272788141836	6.7675946314235595	chrIII:YCL025C_346	chrIII:YCL018W_369
RPL32	YCL018W_366	0.39696385950520396	3.76081017861567	chrIII:YCL025C_346	chrIII:YCL009C_371
YBL104C	YCL025C_346	0.333415777175872	2.58455870404571	chrIII:YCL039W_343	chrIII:YCL009C_371
NTH2	YCL025C_346	-0.348079150067687	2.8325317297718398	chrIII:YCL032W_344	chrIII:YCL025C_346
HHF1	YCL018W_359	0.393753115504723	3.69481376641173	chrIII:YCL023C_347	chrIII:YCL009C_371
GAL10	YCL018W_359	-0.515700416566439	6.78076299414961	chrIII:YCL023C_347	chrIII:YCL009C_371
OLA1	NCR015C_372	0.38822300540565996	3.58285486920918	chrIII:YCL022C_348	chrIII:YCR046C_378
RPL4A	YCL018W_366	0.3676577302980071	3.1850532667192297	chrIII:YCL022C_348	chrIII:YCL009C_371
PDX3	YCL018W_359	-0.5163728657004389	6.801508478680531	chrIII:YCL025C_346	chrIII:YCL009C_371
TCM62	YCL025C_346	-0.41761693766861296	4.20323472260062	chrIII:YCL026C_345	chrIII:YCL018W_369
RPS11A	YCL018W_366	0.411975261158281	4.0792543909629	chrIII:gCL01_349	chrIII:YCL018W_369
ECM2	YCL025C_346	0.366298873634652	3.15977543709069	chrIII:YCL032W_344	chrIII:YCL009C_371
TAT1	YCL022C_348	-0.629057433101777	11.047225028503801	chrIII:YCL023C_347	chrIII:YCL009C_371
ECM33	YCL022C_348	0.34730906987255894	2.81917203827532	chrIII:YCL032W_344	chrIII:gCR02_375
VID24	YCL022C_348	0.377763693611341	3.37693075775393	chrIII:YCL032W_344	chrIII:YCL009C_371
PHO88	YCL009C_371	0.321914165535341	2.3993596192783397	chrIII:YCL025C_346	chrIII:YCR046C_378
YSA1	YCL018W_366	-0.470106050391804	5.477349902379941	chrIII:YCL025C_346	chrIII:YCL018W_369
TEF1	YCL018W_366	0.402997125964716	3.88682323574581	chrIII:YCL022C_348	chrIII:gCR02_375
TFC1	YCL018W_366	0.357887260598493	3.00601248945408	chrIII:YCL022C_348	chrIII:YCL009C_371
IRA1	YCL018W_360	0.37108603370325394	3.24937471572613	chrIII:YCL023C_347	chrIII:NCR015C_374
TOS1	YCL009C_371	0.33694839311111396	2.6430702375748902	chrIII:YCL032W_344	chrIII:YCR041W_377
RPS9A	YCL018W_360	0.441235647580591	4.74883380596659	chrIII:YCL022C_348	chrIII:YCL009C_371
RPL21A	YCL018W_360	0.45053362197476	4.97581939978042	chrIII:YCL022C_348	chrIII:YCL009C_371
PYC1	YCL009C_371	-0.46973353703659704	5.46749536883572	chrIII:YCL022C_348	chrIII:YCL009C_371
GPX2	YCL018W_359	0.3655390246872439	3.1456939593193103	chrIII:YCL026C_345	chrIII:YCL009C_371
HIS7	YCL018W_360	-0.40762221632496504	3.9852138043214	chrIII:YCL022C_348	chrIII:YCL009C_371
ARO4	YCL018W_360	-0.534947605746442	7.39343026099298	chrIII:YCL022C_348	chrIII:YCL009C_371
RIB5	NCR015C_372	-0.379308398628456	3.4068688955655198	chrIII:YCL018W_366	chrIII:YCR041W_377
ILV6	YCL018W_364	-0.5861419689242271	9.2317310845112	chrIII:YCL022C_348	chrIII:YCL018W_369
BUD3	YCL009C_371	0.52395440190238	7.038663417457331	chrIII:YCL022C_348	chrIII:YCL009C_371
YCL021W-A	YCL018W_364	-0.5201556256881871	6.919082842904871	chrIII:YCL023C_347	chrIII:YCL018W_369
HBN1	YCL025C_346	-0.6641856658521221	12.7612991504365	chrIII:YCL032W_344	chrIII:YCL025C_346
HIS4	YCL025C_346	-0.36133069905803894	3.0683961784183595	chrIII:YCL026C_345	chrIII:YCL009C_371
LSB5	YCL065W_340	0.322304872625156	2.4055189509412798	chrIII:YCL065W_340	chrIII:gCR02_375
SRO9	YCL018W_366	0.47366436424150293	5.57210148450432	chrIII:YCL022C_348	chrIII:YCL018W_369
PDI1	YCL009C_371	0.429628168863248	4.47525113215172	chrIII:YCL022C_348	chrIII:gCR02_375
CHA1	YCL018W_359	0.6151106331976179	10.426321429340698	chrIII:YCL022C_348	chrIII:YCL018W_369
CIT2	YCL018W_359	-0.596667998638755	9.651696230414199	chrIII:YCL022C_348	chrIII:YCL018W_369
RPS14A	YCL018W_366	0.4386236421112771	4.68633375826264	chrIII:YCL025C_346	chrIII:YCL009C_371
TAF2	gCR02_375	0.365961627834661	3.1535208919567	chrIII:gCL01_349	chrIII:gCR02_375
THR4	YCL018W_360	-0.5259006737532971	7.1005220527501605	chrIII:YCL025C_346	chrIII:YCL018W_369
SOL2	YCL018W_366	-0.32633567522998197	2.4696014852147	chrIII:YCL032W_344	chrIII:YCL009C_371
MSH3	YCL018W_364	0.37440145184928403	3.31232846006483	chrIII:YCL032W_344	chrIII:YCL009C_371
ADH7	YCL018W_359	-0.45453537573690506	5.07571065358063	chrIII:YCL025C_346	chrIII:YCL018W_369
TSC13	YCL025C_346	-0.34259762821203604	2.7382543167138396	chrIII:YCL026C_345	chrIII:YCL018W_369
CDC7	YCL018W_366	-0.543797895226974	7.6887396788221505	chrIII:YCL022C_348	chrIII:YCL018W_369
GPM2	YCL018W_359	-0.663478977679427	12.724509421360002	chrIII:YCL022C_348	chrIII:YCL014W_370
SIR2	YCL025C_346	0.36267785600579905	3.0930135463411497	chrIII:YCL026C_345	chrIII:YCL009C_371
PSA1	YCL009C_371	0.389958519752072	3.61775909225075	chrIII:YCL023C_347	chrIII:gCR02_375
TSR1	YCL018W_359	-0.614045541853261	10.3801817561569	chrIII:YCL023C_347	chrIII:YCL018W_369
IDP1	YCL018W_366	-0.512640903640598	6.68696171808833	chrIII:YCL022C_348	chrIII:YCL018W_369
VAM6	YCL018W_360	0.329084538348984	2.51386948080737	chrIII:YCL047C_341	chrIII:NCR015C_374
RPS16A	YCL018W_366	0.449374525002144	4.94713533529859	chrIII:gCL01_349	chrIII:YCL018W_369
SUB2	YCL009C_371	0.39079842132323706	3.63472693843247	chrIII:YCL022C_348	chrIII:gCR02_375
UBX3	YCL018W_359	0.36104495116881297	3.06318986162495	chrIII:YCL032W_344	chrIII:YCL009C_371
GET3	YCL025C_346	0.39841540767098904	3.7908882970295603	chrIII:YCL025C_346	chrIII:YCL018W_369
YDL124W	YCL025C_346	0.33065492422157394	2.53936633173014	chrIII:YCL032W_344	chrIII:YCR047C_379
HNT1	YCL009C_371	-0.33882929429453096	2.67454011762899	chrIII:YCL023C_347	chrIII:YCL009C_371
LYS21	YCL018W_366	-0.431224745801012	4.51224924699392	chrIII:YCL025C_346	chrIII:YCL009C_371
RPL35A	YCL018W_366	0.6006255436487591	9.813663604237831	chrIII:gCL01_349	chrIII:YCL018W_369
CCT4	YCL039W_343	0.348756512854548	2.8443141302872403	chrIII:YCL065W_340	chrIII:YCL025C_346
SFA1	YCL025C_346	-0.452461689028698	5.023780503768919	chrIII:YCL026C_345	chrIII:YCL018W_360
DLD2	YCL025C_346	-0.444557208119699	4.8291089158258	chrIII:YCL026C_345	chrIII:YCL018W_369
LYS20	YCL018W_366	-0.346485512850094	2.80492631830351	chrIII:YCL022C_348	chrIII:YCL009C_371
GGC1	YCL065W_340	0.33239015035477	2.5677154762924905	chrIII:YCL065W_340	chrIII:YCL065W_340
WHI4	YCL009C_371	0.398263887416692	3.7877415208876095	chrIII:YCL025C_346	chrIII:YCL009C_371
SSB1	gCR02_375	0.345329606141129	2.7850042531981303	chrIII:YCL026C_345	chrIII:gCR02_375
YRB1	gCL01_356	0.37272865370354497	3.2804725010952698	chrIII:gCL01_349	chrIII:gCR02_375
ARO3	YCL018W_364	-0.576479625233222	8.85958514169013	chrIII:YCL022C_348	chrIII:YCL018W_369
CDC34	YCL018W_364	-0.541661421194058	7.616641368092719	chrIII:YCL022C_348	chrIII:YCL009C_371
PST1	YCL018W_366	0.40903455227759206	4.01557150898288	chrIII:YCL022C_348	chrIII:YCL009C_371
RPS13	YCL018W_366	0.613371256984805	10.351063123039198	chrIII:YCL022C_348	chrIII:YCL018W_369
PAA1	YCL025C_346	-0.32966047613130606	2.5232028963314	chrIII:YCL026C_345	chrIII:YCL009C_371
SSS1	YCL009C_371	0.347595323865584	2.82413369385459	chrIII:YCL023C_347	chrIII:gCR02_375
YDR098C-A	YCL018W_360	0.504890894138785	6.45360062889294	chrIII:gCL01_349	chrIII:YCL018W_369
BMH2	YCL025C_346	-0.424704468901829	4.36240275653558	chrIII:YCL025C_346	chrIII:YCL018W_369
ARO1	YCL018W_366	-0.399737442831381	3.81841437691952	chrIII:YCL025C_346	chrIII:YCL009C_371
SAC6	gCL01_349	0.33921614753692403	2.68104001165011	chrIII:YCL022C_348	chrIII:gCR02_375
DOP1	YCL009C_371	0.563482491809547	8.37821816974771	chrIII:YCL022C_348	chrIII:YCL009C_371
HOM2	YCL018W_366	-0.568838198282211	8.57396912778749	chrIII:YCL025C_346	chrIII:YCL018W_369
CDC37	YCL018W_366	-0.32509259281549496	2.44973374434192	chrIII:YCL026C_345	chrIII:YCR047C_379
SEC7	YCL009C_371	0.4286956057675929	4.45373269035979	chrIII:YCL022C_348	chrIII:YCL009C_371
ADK1	YCL025C_346	-0.347839723016242	2.8283740016003196	chrIII:YCL032W_344	chrIII:gCL01_358
HEM1	YCL065W_340	0.42537267019192604	4.3776073944221405	chrIII:YCL065W_340	chrIII:YCL039W_343
RTN1	YCL065W_340	-0.4109817650896189	4.0576678742196695	chrIII:YCL065W_340	chrIII:YCL025C_346
LYS4	YCL018W_366	-0.37355008182581	3.29609177396838	chrIII:YCL026C_345	chrIII:YCL009C_371
NSE3	YCL009C_371	0.4132126892852221	4.10624378037049	chrIII:gCL01_349	chrIII:NCR015C_374
RTT103	YCL018W_366	-0.3752733153162321	3.3290068009937994	chrIII:YCL032W_344	chrIII:YCL009C_371
DPL1	YCL025C_346	0.433826163273848	4.57296199031808	chrIII:YCL032W_344	chrIII:YCL009C_371
YDR341C	YCL018W_366	-0.436618359832118	4.63872283931622	chrIII:YCL025C_346	chrIII:YCL014W_370
ESF1	YCL018W_366	0.35229473928858207	2.90633645942636	chrIII:YCL025C_346	chrIII:gCR02_375
YRA1	YCL018W_366	0.36670393454419203	3.1672976556427	chrIII:YCL022C_348	chrIII:gCR02_375
RPT3	YCL025C_346	0.447176625309829	4.89304918269487	chrIII:YCL032W_344	chrIII:YCL018W_369
TIF35	YCL026C_345	0.36359423801780105	3.1098273456003303	chrIII:YCL039W_343	chrIII:YCL018W_369
RPS17A	YCL018W_366	0.447498734967156	4.9009507857095995	chrIII:YCL022C_348	chrIII:gCR02_375
RPS18A	YCL009C_371	0.385781983805295	3.5341181756179303	chrIII:YCL022C_348	chrIII:YCL009C_371
TOM1	YCL018W_364	-0.46309365310836603	5.29388145610648	chrIII:YCL025C_346	chrIII:YCL009C_371
RPL27A	YCL009C_371	0.32764045424738897	2.49055635696821	chrIII:YCL065W_340	chrIII:gCR02_375
RIB3	gCL01_349	-0.428493125380591	4.44906951593564	chrIII:YCL022C_348	chrIII:YCL009C_371
ITR1	YCL018W_360	0.46710753701411	5.398372936353099	chrIII:YCL023C_347	chrIII:YCL018W_369
LCD1	YCL018W_359	-0.591809557866256	9.45592605756645	chrIII:YCL023C_347	chrIII:YCL018W_369
SAM2	YCL018W_366	0.589653124095885	9.37009828815117	chrIII:gCL01_349	chrIII:YCL014W_370
QCR7	YCL018W_359	0.5892219363543929	9.35301438041696	chrIII:YCL018W_359	chrIII:YCL018W_369
YDR539W	YCL018W_364	-0.394648424438807	3.71314290962757	chrIII:YCL025C_346	chrIII:YCL009C_371
WBP1	YCL009C_371	0.386898228267193	3.5563531925845897	chrIII:YCL022C_348	chrIII:gCR02_375
SNU13	gCR02_375	0.335030293034868	2.6112044296847503	chrIII:gCL01_349	chrIII:gCR02_375
HYP2	YCL018W_366	0.470281698596309	5.482000778679191	chrIII:gCL01_349	chrIII:YCL014W_370
GDA1	YCL018W_359	0.352122660916775	2.90330149768823	chrIII:YCL025C_346	chrIII:NCR015C_374
GLY1	YCL018W_360	-0.443215808304143	4.79658223820117	chrIII:YCL023C_347	chrIII:YCL009C_371
YEL047C	YCL023C_347	-0.320954037986385	2.3842626714296298	chrIII:YCL032W_344	chrIII:YCL009C_371
YEL048C	YCL025C_346	-0.35951834794843396	3.03546580978233	chrIII:YCL065W_340	chrIII:YCL009C_371
CIN8	YCL022C_348	0.429924368952055	4.48210001825566	chrIII:YCL032W_344	chrIII:YCL009C_371
DLD3	YCL018W_360	-0.555700069473347	8.10009311988653	chrIII:YCL022C_348	chrIII:YCL018W_369
PMI40	gCL01_356	0.382583520539202	3.47088554674644	chrIII:YCL026C_345	chrIII:YCL009C_371
YND1	YCL018W_366	0.393570937930403	3.69109111907962	chrIII:YCL026C_345	chrIII:YCL009C_371
GCD11	YCL065W_340	0.380388725018913	3.42790387819366	chrIII:YCL065W_340	chrIII:YCL018W_369
CHO1	YCL018W_366	0.331759680530424	2.55739381239144	chrIII:YCL065W_340	chrIII:YCL009C_371
FIR1	YCL026C_345	0.33746117238586604	2.6516278502344997	chrIII:YCL032W_344	chrIII:gCR02_375
ARB1	YCL018W_360	0.391448857256577	3.64790129761366	chrIII:YCL022C_348	chrIII:YCL009C_371
SAH1	gCL01_356	0.530863082925025	7.2600840380477205	chrIII:YCL022C_348	chrIII:YCL009C_371
HOM3	YCL018W_360	-0.540984169282375	7.59389502470379	chrIII:YCL025C_346	chrIII:YCL018W_369
HIS1	YCL018W_359	-0.5672265432109139	8.51468405959622	chrIII:YCL025C_346	chrIII:YCL018W_369
RNR1	YCL023C_347	0.43627044648339897	4.63049510729317	chrIII:YCL025C_346	chrIII:YCL018W_369
ALD5	YCL018W_366	-0.5928777583903599	9.498682497572801	chrIII:YCL022C_348	chrIII:YCL018W_369
SER3	YCL018W_359	-0.5843786385108111	9.162879628021589	chrIII:YCL022C_348	chrIII:YCL018W_369
ILV1	YCL023C_347	-0.482293894581383	5.8066108698657	chrIII:YCL025C_346	chrIII:YCL009C_371
TRP2	YCL018W_360	-0.49985989758461796	6.305310211019879	chrIII:YCL025C_346	chrIII:YCL018W_369
MET6	YCL025C_346	-0.431011861118545	4.507304443111241	chrIII:YCL026C_345	chrIII:YCL018W_369
KAP123	YCL025C_346	0.41259675234457394	4.0927953876241	chrIII:YCL047C_341	chrIII:YCL009C_371
LSM4	YCL018W_366	-0.367547202842363	3.18299261671849	chrIII:YCL025C_346	chrIII:YCL014W_370
SCS2	YCL065W_340	0.34355065533264695	2.7545091573946	chrIII:YCL065W_340	chrIII:YCL018W_369
RPS26A	YCL018W_366	0.48322038785636107	5.8321915629005305	chrIII:YCL018W_359	chrIII:YCL018W_369
GLC7	YCL065W_340	-0.34069221575476	2.70592679595211	chrIII:YCL065W_340	chrIII:YCL039W_343
YER156C	gCL01_356	0.3571248399569871	2.9923045241315402	chrIII:YCL023C_347	chrIII:YCL009C_371
PAB1	YCL018W_366	0.387311188410863	3.5646011568936604	chrIII:YCL022C_348	chrIII:gCR02_375
TMT1	YCL025C_346	-0.422698288868899	4.31695947678036	chrIII:YCL025C_346	chrIII:YCL023C_347
PDA1	YCL018W_366	-0.487309932214901	5.946052698877231	chrIII:gCL01_349	chrIII:YCL018W_369
SEC4	YCL065W_340	-0.3463077903095169	2.8018577584656104	chrIII:YCL065W_340	chrIII:YCL025C_346
HSP12	YCL047C_341	-0.337342216448613	2.64964117499318	chrIII:YCL065W_340	chrIII:YCL018W_369
LPD1	YCL025C_346	-0.34079149369882106	2.70760553531111	chrIII:YCL032W_344	chrIII:YCL009C_371
RIM15	YCL022C_348	0.42356499735860603	4.33655390414683	chrIII:YCL047C_341	chrIII:gCR02_375
SEC53	YCL018W_360	0.334433935269847	2.6013434667698396	chrIII:YCL025C_346	chrIII:YCL009C_371
SMC2	YCL023C_347	-0.44111723993587004	4.74598865126186	chrIII:YCL023C_347	chrIII:YCL009C_371
RPL29	YCL018W_366	0.338389356129167	2.66715964195511	chrIII:YCL025C_346	chrIII:YCL009C_371
LEU1	YCL018W_359	-0.719225889952943	15.973654900606402	chrIII:YCL022C_348	chrIII:YCL018W_369
TRP5	YCL023C_347	-0.48622667317622104	5.91574145431577	chrIII:YCL025C_346	chrIII:YCL018W_369
CWH41	YCL018W_366	-0.5092114335905621	6.58295156883497	chrIII:YCL022C_348	chrIII:YCL009C_371
RPL30	YCL018W_366	0.457910903317969	5.1610163659275	chrIII:YCL022C_348	chrIII:YCL009C_371
YBP2	YCL018W_360	-0.33772731858884203	2.65607592948838	chrIII:YCL032W_344	chrIII:YCL009C_371
SCY1	YCL039W_343	0.40240014321325196	3.8742371756295895	chrIII:YCL065W_340	chrIII:YCL018W_369
MMS2	YCL018W_366	-0.420004616158044	4.2564281914912	chrIII:YCL022C_348	chrIII:YCL009C_371
RPL28	YCL018W_366	0.449391705797061	4.9475596938586595	chrIII:YCL025C_346	chrIII:gCR02_375
RPS2	gCL01_356	0.38561192433883296	3.5307382917368706	chrIII:YCL022C_348	chrIII:gCR02_375
MET13	YCL022C_348	-0.540875581914994	7.59025282248657	chrIII:YCL025C_346	chrIII:YCL009C_371
GPI10	YCL018W_360	0.333661146650552	2.58859786827214	chrIII:YCL065W_340	chrIII:YCL009C_371
ROG1	gCL01_356	0.35319284050580396	2.922207254752	chrIII:YCL022C_348	chrIII:gCR02_375
RPL9A	YCL026C_345	0.43577149903442	4.6187124247158495	chrIII:YCL039W_343	chrIII:YCL018W_369
ARO2	YCL018W_366	-0.47930405453857794	5.72459700206841	chrIII:YCL023C_347	chrIII:YCL009C_371
AMS1	YCL025C_346	0.471418223233501	5.51215999978582	chrIII:YCL026C_345	chrIII:YCL018W_369
YGL157W	gCL01_349	0.345888129879295	2.79461984454955	chrIII:YCL023C_347	chrIII:gCR02_375
TPN1	YCL018W_366	0.37247344529007004	3.2756290307831297	chrIII:YCL025C_346	chrIII:YCL009C_371
ARO8	YCL018W_364	-0.5130682559863111	6.70000630247983	chrIII:YCL022C_348	chrIII:YCL018W_369
HXK2	YCL018W_366	0.36949673825021206	3.21945883737822	chrIII:gCL01_349	chrIII:gCR02_375
MNT2	YCL009C_371	0.487062269895123	5.9391130832182695	chrIII:YCL009C_371	chrIII:YCL009C_371
RPS25A	YCL018W_366	0.5111965959107779	6.643012987842241	chrIII:YCL022C_348	chrIII:YCL009C_371
RPL26B	YCL018W_359	0.355271804696372	2.95914514113396	chrIII:YCL039W_343	chrIII:NCR015C_374
YGR035C	gCL01_356	0.552291877509193	7.9805978906440105	chrIII:YCL022C_348	chrIII:YCL018W_369
ACB1	YCL039W_343	0.374663187172969	3.3173299281884	chrIII:YCL065W_340	chrIII:YCL009C_371
BUD9	YCL065W_340	0.339979198414101	2.6938881732748103	chrIII:YCL065W_340	chrIII:gCR02_375
YGR043C	gCL01_349	0.361951378930851	3.07972340328429	chrIII:YCL032W_344	chrIII:YCL009C_371
ROM1	YCL009C_371	0.320878154170264	2.3830718471515397	chrIII:YCL065W_340	chrIII:YCL009C_371
TWF1	YCL025C_346	-0.352221059827265	2.9050367351923705	chrIII:YCL065W_340	chrIII:YCL009C_371
RPL11A	YCL018W_366	0.411273341862709	4.06399560075972	chrIII:YCL022C_348	chrIII:YCL009C_371
NNF2	YCL009C_371	0.39563154671463197	3.7333354841714104	chrIII:YCL025C_346	chrIII:YCL009C_371
TPC1	YCL025C_346	-0.38573037357045004	3.53309222421088	chrIII:YCL026C_345	chrIII:YCL009C_371
NOP7	YCL018W_366	0.369011669528563	3.2103618834995	chrIII:YCL022C_348	chrIII:YCL009C_371
RPS23A	YCL018W_360	0.43694968405261403	4.64656722928565	chrIII:YCL023C_347	chrIII:YCL009C_371
COG2	YCL018W_360	0.386945977220153	3.5573062637907498	chrIII:YCL022C_348	chrIII:YCL009C_371
ASN2	YCL025C_346	-0.46142977783665595	5.2509753766250595	chrIII:YCL025C_346	chrIII:YCL022C_348
PHB1	YCL065W_340	0.33557515880613903	2.6202332020679	chrIII:YCL065W_340	chrIII:YCL065W_340
CBF2	YCL018W_359	-0.663187175884777	12.709347799626	chrIII:YCL022C_348	chrIII:YCL014W_370
NSR1	gCR02_375	0.343449872598905	2.7527875005866402	chrIII:gCL01_349	chrIII:gCR02_375
TDH3	YCL018W_360	0.319504485199534	2.3615750374515296	chrIII:YCL039W_343	chrIII:YCL009C_371
ADE3	YCL018W_360	-0.523076476072535	7.010892035841991	chrIII:YCL025C_346	chrIII:YCL014W_370
RPS0A	YCL018W_366	0.39988563185588	3.82150766122956	chrIII:YCL022C_348	chrIII:NCR015C_374
BGL2	YCL025C_346	-0.508747000205214	6.5689574332047105	chrIII:YCL026C_345	chrIII:YCL025C_346
ZUO1	YCL018W_366	0.417110863022945	4.19201566356541	chrIII:YCL022C_348	chrIII:YCL009C_371
RPS20	YCL018W_366	0.43742183541965296	4.65776096375309	chrIII:YCL025C_346	chrIII:YCL009C_371
YHL021C	YCL025C_346	-0.529934010946045	7.2300077944067	chrIII:YCL025C_346	chrIII:YCL018W_369
YHL029C	gCL01_349	0.3307379798793739	2.54071903430788	chrIII:YCL032W_344	chrIII:YCL009C_371
GOS1	YCL018W_366	0.480115008338326	5.7467615018425	chrIII:gCL01_349	chrIII:YCL009C_371
RPL8A	YCL009C_371	0.322204739755877	2.40393952178841	chrIII:YCL023C_347	chrIII:YCR046C_378
ERG11	YCL018W_366	0.399176692730965	3.8067236486611895	chrIII:YCL023C_347	chrIII:YCL009C_371
YSC83	YCL025C_346	0.328104650300118	2.49803640169993	chrIII:YCL039W_343	chrIII:YCL009C_371
ARG4	YCL018W_366	-0.43032928340546006	4.49147375506634	chrIII:YCL026C_345	chrIII:YCL009C_371
RPP1	YCL018W_366	-0.545316078173664	7.74029051374238	chrIII:YCL025C_346	chrIII:YCL018W_369
SSZ1	YCL018W_359	0.426502409748004	4.4033925946090005	chrIII:YCL025C_346	chrIII:YCL009C_371
LSM12	YCL032W_344	0.38084013090686897	3.4367168968829196	chrIII:YCL032W_344	chrIII:YCL018W_369
ECM14	gCL01_356	-0.366842005996545	3.1698642136086406	chrIII:YCL025C_346	chrIII:YCL009C_371
YSP1	YCL018W_366	-0.5748373325993139	8.79756335919572	chrIII:YCL025C_346	chrIII:YCL018W_369
MTG2	gCL01_349	-0.500470807944699	6.323184606782111	chrIII:YCL022C_348	chrIII:YCL009C_371
GND1	YCL018W_366	0.631361713528503	11.152889431947699	chrIII:YCL022C_348	chrIII:YCL018W_369
EGD2	gCR02_375	0.324867237429653	2.4461420103504903	chrIII:YCL022C_348	chrIII:gCR02_375
YHR199C	YCL023C_347	0.32899096550424395	2.51235499277498	chrIII:YCL065W_340	chrIII:YCL009C_371
BAT1	YCL018W_366	-0.6996447431512429	14.746333664212198	chrIII:YCL022C_348	chrIII:YCL018W_369
PDR11	YCL009C_371	0.385839177718476	3.5352553404700697	chrIII:YCL018W_359	chrIII:YCL009C_371
CBR1	YCL018W_366	0.44637348988240005	4.8733847808883395	chrIII:YCL023C_347	chrIII:YCL009C_371
NEO1	YCL025C_346	-0.478502672311021	5.70275284258034	chrIII:YCL025C_346	chrIII:YCL018W_369
RHR2	YCL025C_346	-0.5839778313448512	9.14728857961783	chrIII:YCL025C_346	chrIII:YCL018W_369
RPN2	YCL018W_360	0.325280031685068	2.45272350745129	chrIII:YCL023C_347	chrIII:YCL009C_371
SEC28	YCR083W_385	0.32881963525043895	2.5095833785769304	chrIII:YCR071C_381	chrIII:YCR087C_387
LYS12	YCL018W_366	0.439326986463776	4.7031093775340596	chrIII:YCL023C_347	chrIII:NCR015C_374
FMC1	YCL018W_360	0.351387363118521	2.89035440764768	chrIII:YCL039W_343	chrIII:NCR015C_374
SEC24	YCL018W_359	0.42548018168431395	4.380056991114009	chrIII:YCL026C_345	chrIII:YCL014W_370
HIS5	YCL032W_344	-0.328495485684014	2.50434450875835	chrIII:YCL032W_344	chrIII:YCL009C_371
FKH1	YCL018W_366	-0.641951173155534	11.650224082730201	chrIII:YCL022C_348	chrIII:YCL009C_371
LYS1	YCL025C_346	-0.348975745200224	2.84813383677657	chrIII:YCL026C_345	chrIII:YCL014W_370
NOP9	YCL018W_360	0.484071375003302	5.8557571586418	chrIII:YCL022C_348	chrIII:YCL009C_371
MPS3	gCL01_349	0.584413771601822	9.16424731318325	chrIII:YCL022C_348	chrIII:YCL009C_371
KAR2	YCL018W_366	0.524780926820854	7.06488365326955	chrIII:gCL01_349	chrIII:YCL009C_371
YJL046W	YCL009C_371	0.464750678366974	5.33684841521823	chrIII:YCL022C_348	chrIII:gCR02_375
SMC3	YCL022C_348	0.414154919430125	4.12687130780035	chrIII:YCL032W_344	chrIII:YCL009C_371
RPS21B	gCL01_356	0.411252162326157	4.06353575506723	chrIII:YCL022C_348	chrIII:YCL009C_371
INO1	YCL018W_366	0.50308007968984	6.399939434961389	chrIII:YCL025C_346	chrIII:YCL009C_371
CIS3	YCL018W_360	0.417199355816355	4.19397604588767	chrIII:YCL022C_348	chrIII:YCL009C_371
CPS1	YCL018W_366	-0.40441517446070596	3.91682355871301	chrIII:YCL026C_345	chrIII:YCL018W_369
GON7	YCL018W_360	-0.33727165374860496	2.64846312797591	chrIII:YCL065W_340	chrIII:YCL009C_371
RPS22A	YCL018W_360	0.49205901615014397	6.08023751271218	chrIII:YCL022C_348	chrIII:YCL009C_371
CDC6	YCL018W_366	0.391246822101793	3.64380595074919	chrIII:YCL032W_344	chrIII:NCR015C_374
YJR008W	YCL018W_360	0.323624064869184	2.426383505725	chrIII:YCL065W_340	chrIII:YCL018W_369
ILV3	YCL014W_370	0.371220053151927	3.2519051534040697	chrIII:YCL022C_348	chrIII:gCR02_375
BNA1	YCL018W_360	-0.32124109487077	2.38877051066811	chrIII:YCL047C_341	chrIII:YCL009C_371
HUL4	gCL01_356	0.33902645497138395	2.67785163662827	chrIII:YCL023C_347	chrIII:gCR02_375
CCT5	YCL018W_366	0.32882616162162	2.509688922996	chrIII:YCL065W_340	chrIII:gCR02_375
TOR1	YCL018W_366	0.514061944778528	6.73040996922781	chrIII:YCL018W_359	chrIII:YCL018W_369
LIA1	YCL023C_347	0.353218586580261	2.9226629918983598	chrIII:YCL026C_345	chrIII:gCR02_375
RPL43A	YCL018W_366	0.43891022409047903	4.6931642940119005	chrIII:YCL022C_348	chrIII:YCL009C_371
YJR098C	YCL018W_359	0.36080438389570296	3.05881088463003	chrIII:YCL065W_340	chrIII:YCL009C_371
ADO1	YCL018W_366	0.354663314322825	2.94830493197146	chrIII:YCL022C_348	chrIII:gCR02_375
CPA2	YCL025C_346	-0.465889111073254	5.36650618196748	chrIII:YCL025C_346	chrIII:YCL018W_369
RPS5	YCL018W_366	0.46122896514778494	5.245813156251139	chrIII:YCL022C_348	chrIII:YCL009C_371
ECM17	YCL018W_366	-0.537604417520337	7.48115613144915	chrIII:YCL025C_346	chrIII:YCL018W_369
PMT4	gCL01_356	0.343134677597893	2.74740720161536	chrIII:YCL032W_344	chrIII:YCL009C_371
BAT2	YCL018W_359	-0.49861219346167207	6.2689169913442395	chrIII:YCL022C_348	chrIII:YCL014W_370
UFD4	YCL025C_346	-0.449826214132442	4.9582999977342	chrIII:YCL026C_345	chrIII:YCL018W_369
URB1	YCL025C_346	-0.48510464105324796	5.8844603544710194	chrIII:YCL025C_346	chrIII:YCL018W_369
MAE1	YCL018W_366	-0.4884550244606789	5.97821324242888	chrIII:YCL023C_347	chrIII:YCL014W_370
RGT1	YCL018W_364	0.337182776448789	2.6469797586967503	chrIII:YCL032W_344	chrIII:NCR015C_374
VMA5	YCL018W_360	-0.34268219116891696	2.73969431145954	chrIII:YCL032W_344	chrIII:YCL009C_371
TEF4	YCL009C_371	0.453528202743104	5.05044357987262	chrIII:YCL022C_348	chrIII:YCL009C_371
CYT2	YCL018W_360	0.41505634944963204	4.14666783979851	chrIII:YCL022C_348	chrIII:YCL018W_369
YKL088W	YCL009C_371	0.535552865329337	7.41334643724308	chrIII:YCL022C_348	chrIII:YCL009C_371
CWP2	YCL009C_371	0.354871471385279	2.9520105401520498	chrIII:YCL023C_347	chrIII:gCR02_375
OCT1	YCL018W_366	0.41009938015781605	4.03855700323538	chrIII:YCL023C_347	chrIII:YCL009C_371
CTK1	YCL018W_360	0.44064124159106105	4.73456256189363	chrIII:YCL022C_348	chrIII:YCL018W_369
APE2	YCL065W_340	0.332509289995189	2.569668705148	chrIII:YCL065W_340	chrIII:YCL039W_343
RPL17A	YCL018W_366	0.427707659150048	4.431010237310231	chrIII:gCL01_349	chrIII:YCL018W_369
PRS1	YCL009C_371	0.37491924212473793	3.3222273381024903	chrIII:YCL025C_346	chrIII:NCR015C_374
FAS1	YCL022C_348	0.612344881099292	10.306874954649	chrIII:YCL022C_348	chrIII:YCL014W_370
TRP3	YCL018W_366	-0.54684043019752	7.79231813161968	chrIII:YCL022C_348	chrIII:YCL018W_369
URA1	YCL039W_343	0.35984933634810795	3.04146381729805	chrIII:YCL065W_340	chrIII:YCL009C_371
VPS1	YCL022C_348	0.321985551521076	2.40048430217723	chrIII:YCL025C_346	chrIII:gCR02_375
SPO14	YCL018W_360	0.369969801363746	3.22834579172807	chrIII:YCL025C_346	chrIII:YCL018W_369
PET10	YCL018W_366	-0.421961877937786	4.30035604450673	chrIII:YCL023C_347	chrIII:YCL018W_369
RPS21A	gCL01_356	0.408923283514898	4.01317448488736	chrIII:YCL023C_347	chrIII:YCL009C_371
DPS1	YCL025C_346	-0.447992262342647	4.91307397028921	chrIII:YCL025C_346	chrIII:YCL009C_371
SSA2	YCL009C_371	0.49114799713874296	6.054331992103269	chrIII:YCL022C_348	chrIII:NCR015C_374
VPS13	YCL018W_360	0.348528414462883	2.8403432030851	chrIII:YCL025C_346	chrIII:YCL009C_371
RPL8B	YCL018W_360	0.394648911978053	3.71315290625691	chrIII:YCL025C_346	chrIII:gCR02_375
COF1	YCL018W_366	-0.400114728672812	3.8262929232656	chrIII:YCL026C_345	chrIII:YCL009C_371
SNF7	YCL009C_371	-0.389272042685415	3.6039275839564002	chrIII:YCL032W_344	chrIII:YCL009C_371
AAT2	YCL018W_364	-0.56868941694727	8.56848240105176	chrIII:YCL022C_348	chrIII:YCL018W_369
PDC1	YCL009C_371	0.36928624345229605	3.21550929757838	chrIII:YCL023C_347	chrIII:gCR02_375
SHM2	YCL018W_366	-0.381367155870096	3.4470239809596497	chrIII:YCL022C_348	chrIII:YCL009C_371
FRS1	YCL022C_348	0.35217003779009903	2.90413689805444	chrIII:YCL047C_341	chrIII:YCL009C_371
RPL22A	YCL025C_346	0.35486097596247496	2.95182363378657	chrIII:YCL026C_345	chrIII:NCR015C_374
MEF1	YCL018W_360	0.33540823874366305	2.6174652765287	chrIII:YCL032W_344	chrIII:YCL009C_371
RPL10	YCL018W_366	0.32673363460174104	2.4759817671563797	chrIII:YCL065W_340	chrIII:gCR02_375
ALT1	YCL018W_364	-0.509927228542725	6.60456217872484	chrIII:YCL025C_346	chrIII:YCL009C_371
CDC45	YCL018W_366	0.42027526435884105	4.2624850924675295	chrIII:YCL023C_347	chrIII:YCL009C_371
MDN1	YCL018W_360	0.42557186296034605	4.38214660934686	chrIII:YCL022C_348	chrIII:YCL014W_370
CCW12	YCL009C_371	0.33017169384214196	2.5315044938056896	chrIII:YCL065W_340	chrIII:YCR041W_377
YLR149C	YCL018W_366	0.34529727918890507	2.78444831434547	chrIII:YCL065W_340	chrIII:YCR041W_377
RPS31	YCL018W_366	0.48679167190380296	5.9315373394983695	chrIII:YCL022C_348	chrIII:YCL009C_371
YLR179C	YCL023C_347	-0.413529207461159	4.11316566856919	chrIII:YCL025C_346	chrIII:YCL009C_371
SAM1	YCL018W_360	-0.33956306061235697	2.68687678163627	chrIII:YCL023C_347	chrIII:YCL009C_371
RPS28A	YCL026C_345	0.43315799942401	4.55731724045853	chrIII:YCL026C_345	chrIII:YCL018W_369
RPS30A	YCL014W_370	0.49544073395681604	6.17708968601765	chrIII:YCL022C_348	chrIII:YCL009C_371
GSP1	YCL023C_347	-0.472883407373412	5.551209627134111	chrIII:YCL025C_346	chrIII:YCL014W_370
EXG1	YCL014W_370	0.363756800563386	3.11281582710338	chrIII:YCL025C_346	chrIII:YCL009C_371
MET17	YCL023C_347	-0.555724198673586	8.100944071372771	chrIII:YCL025C_346	chrIII:YCL018W_369
RPL38	YCL018W_366	0.516018121489361	6.7905585793139895	chrIII:gCL01_349	chrIII:YCL018W_369
RPP0	YCL018W_366	0.42692227493849894	4.4130007889824805	chrIII:YCL023C_347	chrIII:YCL009C_371
FKS1	YCL009C_371	0.443606911607374	4.8060507026894	chrIII:YCL022C_348	chrIII:YCL009C_371
DIC1	YCL022C_348	0.40491996144328796	3.92753823797871	chrIII:YCL032W_344	chrIII:YCL009C_371
TAL1	YCR046C_378	0.40255410160630895	3.8774805713108904	chrIII:YCL018W_359	chrIII:YCR047C_379
ILV5	YCL018W_359	-0.549843538019109	7.89560704291279	chrIII:YCL023C_347	chrIII:YCL014W_370
RSC2	YCL023C_347	-0.446239869443701	4.8701182836743895	chrIII:YCL025C_346	chrIII:YCL018W_369
ADE13	YCL025C_346	-0.45433690438180996	5.07072483882299	chrIII:YCL026C_345	chrIII:YCL018W_369
RPS29A	YCL018W_366	0.410645508008714	4.05037834203126	chrIII:YCL023C_347	chrIII:YCL009C_371
SKI2	YCL065W_340	0.330998682682745	2.54496777201885	chrIII:YCL065W_340	chrIII:YCL009C_371
URA4	YCL025C_346	-0.436803791013053	4.64311200534927	chrIII:YCL026C_345	chrIII:YCL018W_369
CRN1	YCL065W_340	-0.320572804838947	2.3782835813167202	chrIII:YCL065W_340	chrIII:YCL047C_342
RPS1A	NCR015C_372	0.327756597172379	2.49242664888619	chrIII:YCL022C_348	chrIII:gCR02_375
VMA6	YCL065W_340	0.326782282098305	2.4767623687357	chrIII:YCL065W_340	chrIII:gCR02_375
RPL6B	YCL009C_371	0.36572982894908795	3.14922633413418	chrIII:YCL023C_347	chrIII:gCR02_375
YOX1	YCL022C_348	0.3493356229559989	2.8544106707347594	chrIII:YCL065W_340	chrIII:YCL009C_371
RPS1B	YCL018W_366	0.494294154619715	6.14412940488597	chrIII:gCL01_349	chrIII:YCL014W_370
TCB3	YCL018W_366	-0.5504705834671401	7.917306800453121	chrIII:YCL022C_348	chrIII:YCL009C_371
TUB1	YCL009C_371	0.36260290930524	3.09164086866833	chrIII:YCL026C_345	chrIII:YCL009C_371
PRE8	YCL018W_366	0.33763381807204107	2.65451276078098	chrIII:YCL065W_340	chrIII:YCL014W_370
UTP14	YCL018W_366	0.31917893480667303	2.3564970322751604	chrIII:YCL025C_346	chrIII:NCR015C_374
ZDS2	YCL018W_360	0.45342707138116395	5.04791118674461	chrIII:YCL023C_347	chrIII:YCL018W_369
ERG13	YCL018W_360	0.372530786089623	3.27671689047499	chrIII:YCL023C_347	chrIII:YCR046C_378
ERG5	YCL032W_344	0.33576153103298606	2.62332573043033	chrIII:YCL065W_340	chrIII:NCR015C_374
ECM40	YCL023C_347	-0.491566712723137	6.066228727933541	chrIII:YCL025C_346	chrIII:YCL009C_371
SEC14	NCR015C_372	0.4244778906240279	4.35725487946495	chrIII:gCL01_349	chrIII:gCR02_375
NAM7	YCL065W_340	0.365828288560024	3.1510500686289604	chrIII:YCL065W_340	chrIII:YCL009C_371
ADH3	YCL022C_348	-0.480865092960557	5.767315726310401	chrIII:YCL025C_346	chrIII:YCL009C_371
YKU80	YCL018W_366	0.388811543435586	3.59466773104766	chrIII:YCL065W_340	chrIII:NCR015C_374
ILV2	YCL018W_366	-0.590873977289706	9.41860946558023	chrIII:YCL022C_348	chrIII:YCL018W_369
ADE17	YCL018W_360	-0.505469929651253	6.47082811933547	chrIII:YCL025C_346	chrIII:YCL018W_369
RPL13B	YCL025C_346	0.46195552412562496	5.2645069576456995	chrIII:YCL032W_344	chrIII:YCL018W_369
TIF34	YCL018W_366	0.444876590077115	4.83687500735989	chrIII:YCL025C_346	chrIII:YCL018W_369
HSC82	gCL01_356	0.556402465558165	8.12489279572094	chrIII:YCL022C_348	chrIII:YCL018W_369
RPL36A	YCL018W_366	0.326956375494284	2.47955706505318	chrIII:YCL022C_348	chrIII:gCR02_375
GUA1	gCL01_356	0.3674773336892971	3.18169041078823	chrIII:YCL023C_347	chrIII:YCL009C_371
RRP5	YCL009C_371	0.39974747317315007	3.81862369942931	chrIII:YCL022C_348	chrIII:YCL009C_371
RPS10A	YCL018W_366	0.4257827458207721	4.3869555593008	chrIII:YCL022C_348	chrIII:gCR02_375
RPL20A	YCL018W_360	0.4939600202357971	6.13454783714822	chrIII:gCL01_349	chrIII:YCL018W_369
HSH155	YCL023C_347	0.332599161255068	2.5711426733282097	chrIII:YCL032W_344	chrIII:YCR047C_379
GAS1	YCL014W_370	0.42703273068432107	4.41553072881806	chrIII:YCL023C_347	chrIII:YCL009C_371
TGL3	YCL018W_366	-0.43093288868594604	4.5054710059303495	chrIII:YCL022C_348	chrIII:YCL018W_369
PUB1	YCL025C_346	-0.379708227183204	3.4146446139089	chrIII:YCL032W_344	chrIII:YCL025C_346
YNL022C	YCL018W_359	-0.43359687986088	4.56758944867562	chrIII:YCL025C_346	chrIII:YCL009C_371
IDH1	YCL018W_360	-0.594091456430312	9.54745795531578	chrIII:YCL022C_348	chrIII:YCL018W_369
RPL16B	YCL018W_360	0.42585416097211704	4.38858488183164	chrIII:YCL025C_346	chrIII:YCL018W_369
YNL095C	YCL018W_364	0.39861279558836793	3.79499012696457	chrIII:YCL026C_345	chrIII:YCL014W_370
RPS7B	NCR015C_372	0.373914366989587	3.3030331501888104	chrIII:YCL022C_348	chrIII:gCR02_375
DBP2	YCL018W_366	0.34045842640363	2.70197597656139	chrIII:YCL065W_340	chrIII:gCR02_375
KRE33	YCL022C_348	0.415780290771478	4.16261064615572	chrIII:YCL026C_345	chrIII:YCL009C_371
RPS3	YCL018W_366	0.37047161323283	3.2377891932470204	chrIII:YCL022C_348	chrIII:gCR02_375
SSB2	YCL018W_359	0.49349124818164103	6.121123391915099	chrIII:YCL025C_346	chrIII:YCL018W_369
ELA1	YCL014W_370	-0.3777622097738139	3.37690207762954	chrIII:YCL023C_347	chrIII:YCL009C_371
PDR16	YCL009C_371	-0.32678201220757896	2.47675803765052	chrIII:YCL025C_346	chrIII:YCL009C_371
ZWF1	YCL025C_346	-0.450975009681621	4.98677169958348	chrIII:YCL026C_345	chrIII:YCL018W_369
SUI1	YCL018W_366	0.34281859952262794	2.7420181127965804	chrIII:YCL032W_344	chrIII:gCR02_375
POL2	YCL018W_366	0.489973474997484	6.021049344440611	chrIII:YCL022C_348	chrIII:YCL009C_371
SEC21	YCL018W_366	0.5784188310015861	8.93327540636883	chrIII:YCL022C_348	chrIII:YCL018W_369
RPL18A	YCL018W_366	0.374420490612658	3.31269211312841	chrIII:YCL022C_348	chrIII:gCR02_375
RPS19A	YCL022C_348	0.397629814890315	3.7745909603057903	chrIII:YCL025C_346	chrIII:NCR015C_374
YNL313C	YCL065W_340	0.337874112070879	2.65853116351527	chrIII:YCL065W_340	chrIII:YCL047C_342
VPS27	YCL018W_366	0.350793241489953	2.87991847440771	chrIII:YCL023C_347	chrIII:YCL009C_371
ACC1	YCL018W_364	0.567729208214268	8.53313946494187	chrIII:YCL022C_348	chrIII:YCL009C_371
YNR068C	gCL01_356	0.49927238033499205	6.28815456565786	chrIII:YCL022C_348	chrIII:YCL009C_371
MDM38	YCL025C_346	-0.3584222700391129	3.01565429401759	chrIII:YCL026C_345	chrIII:YCL023C_347
RPP2A	YCL025C_346	0.32218900295985103	2.40369135501998	chrIII:YCL026C_345	chrIII:YCL018W_369
NOP12	YCL025C_346	0.40142778470603296	3.8537924951167	chrIII:YCL032W_344	chrIII:YCL009C_371
NTG2	YCL018W_360	0.46328630866729	5.298864848235519	chrIII:gCL01_349	chrIII:YCL014W_370
ARG1	YCL018W_359	-0.5579915861592081	8.18121995822488	chrIII:YCL023C_347	chrIII:YCL018W_369
THP1	YCL018W_366	-0.4301896807109529	4.48824051465973	chrIII:YCL025C_346	chrIII:YCL009C_371
MSH2	YCL018W_360	0.33880531356557697	2.67413750179384	chrIII:YCL026C_345	chrIII:YCL009C_371
RPL25	YCL018W_366	0.334441763114983	2.60147276017215	chrIII:YCL026C_345	chrIII:YCR046C_378
STI1	YCL009C_371	0.37268012133201	3.27955109213195	chrIII:YCL022C_348	chrIII:gCR02_375
RPL3	YCL009C_371	0.34697910355321804	2.8134591767934	chrIII:YCL022C_348	chrIII:gCR02_375
RPS7A	YCL018W_366	0.462404467660704	5.27608061977013	chrIII:gCL01_349	chrIII:YCL018W_369
LEU9	YCL018W_360	-0.44876435475744797	4.9320802154016	chrIII:YCL023C_347	chrIII:YCL009C_371
IDH2	YCL018W_366	-0.450010300332292	4.9628550125207305	chrIII:YCL025C_346	chrIII:YCL009C_371
LSC1	YCL025C_346	-0.330463941116922	2.5362574522308	chrIII:YCL065W_340	chrIII:YCL009C_371
RPB2	YCL009C_371	0.319699099099462	2.36461370154679	chrIII:YCL026C_345	chrIII:NCR015C_374
SER1	YCL018W_366	-0.476803975264576	5.65664194286709	chrIII:YCL022C_348	chrIII:YCL009C_371
WTM1	YCL018W_366	-0.494830627888261	6.15953552626423	chrIII:YCL025C_346	chrIII:YCL009C_371
FSF1	YCL009C_371	-0.539225210921341	7.5350607094707405	chrIII:YCL022C_348	chrIII:YCL009C_371
RAX1	YCL018W_366	0.34393851285994204	2.7611408466523497	chrIII:YCL023C_347	chrIII:gCR02_375
ISW2	YCL018W_366	-0.42141712755233796	4.28810056693163	chrIII:YCL025C_346	chrIII:YCL009C_371
PRO2	YCL018W_364	-0.369165347986591	3.21324225990066	chrIII:YCL025C_346	chrIII:YCL009C_371
RPS12	YCL018W_366	0.442834798122208	4.78737007947898	chrIII:gCL01_349	chrIII:YCL018W_369
GDH1	YCL018W_359	-0.47473156557059293	5.60073890388206	chrIII:YCL023C_347	chrIII:YCL009C_371
LSP1	YCL018W_366	-0.33984514944363603	2.6916284366036294	chrIII:YCL065W_340	chrIII:YCL009C_371
VTC3	YCL018W_359	-0.638556545808629	11.4886592377006	chrIII:YCL023C_347	chrIII:YCL014W_370
GRX5	YCL009C_371	-0.35573038371440596	2.96733051991259	chrIII:YCL025C_346	chrIII:YCL009C_371
ALD6	YCL018W_366	0.332419507569061	2.56819669052965	chrIII:YCL025C_346	chrIII:YCR081W_384
RPL21B	YCL018W_366	0.44086379599587106	4.739902586605321	chrIII:YCL022C_348	chrIII:YCL009C_371
EEB1	gCL01_349	0.38672812396692	3.55295919547465	chrIII:YCL023C_347	chrIII:YCL009C_371
MSD1	YCL065W_340	0.330734598835757	2.54066396000219	chrIII:YCL065W_340	chrIII:YCL009C_371
MRP51	YCL014W_370	0.321605287251292	2.3944967939625497	chrIII:YCL023C_347	chrIII:YCR041W_377
RPL5	YCL009C_371	0.327921572689861	2.49508472378148	chrIII:YCL025C_346	chrIII:gCR02_375
PEP4	YCL018W_366	-0.38413432002068104	3.5014558645450697	chrIII:YCL022C_348	chrIII:YCL009C_371
KIP2	YCL032W_344	-0.39821375497505	3.78670073207954	chrIII:YCL032W_344	chrIII:YCL023C_347
YPL158C	YCL018W_360	0.34621585888921	2.8002712554865896	chrIII:YCL023C_347	chrIII:NCR015C_374
CDC60	YCL018W_366	-0.335774908738007	2.62354779339399	chrIII:YCL025C_346	chrIII:YCL009C_371
FAS2	YCL022C_348	0.523167339179925	7.0137625133196995	chrIII:YCL022C_348	chrIII:YCL009C_371
HSP82	YCL025C_346	0.42273771262397297	4.317849512780509	chrIII:YCL032W_344	chrIII:YCL018W_369
RBD2	YCL018W_366	-0.479185668282937	5.72136634541857	chrIII:YCL025C_346	chrIII:YCL009C_371
FUM1	YCL065W_340	-0.4030775974016961	3.8885217780298595	chrIII:YCL065W_340	chrIII:YCL018W_366
SAM4	YCL025C_346	-0.561274347601463	8.29855124468995	chrIII:YCL025C_346	chrIII:YCL025C_346
CIT3	YCL009C_371	0.41720648065634297	4.19413390829871	chrIII:YCL025C_346	chrIII:YCL009C_371
YPR004C	YCL018W_366	-0.352027515891063	2.90162423308421	chrIII:YCL026C_345	chrIII:YCL009C_371
RPA135	YCL065W_340	0.3293017267766731	2.51738676573368	chrIII:YCL065W_340	chrIII:YCL047C_342
CSR2	YCL018W_366	-0.437312090165176	4.65515754203516	chrIII:YCL022C_348	chrIII:YCL009C_371
SRO7	YCL025C_346	-0.418171467064649	4.21555019016796	chrIII:YCL026C_345	chrIII:YCL018W_369
HTS1	YCL018W_366	-0.388716688725811	3.5927622114099598	chrIII:YCL023C_347	chrIII:YCL014W_370
TAH18	YCL018W_366	-0.37441103643732204	3.3125115290163203	chrIII:YCL025C_346	chrIII:YCL009C_371
ARO7	YCL065W_340	0.335600343393859	2.62065097141735	chrIII:YCL065W_340	chrIII:YCL039W_343
MRL1	YCL009C_371	0.357479698696611	2.99868001521066	chrIII:YCL025C_346	chrIII:NCR015C_374
SUA7	YCL047C_341	-0.577740565323266	8.90744483497046	chrIII:YCL047C_341	chrIII:YCL047C_342
MRD1	YCL018W_360	-0.47592048095189105	5.6327625642237695	chrIII:YCL022C_348	chrIII:YCL018W_369
RRP9	YCL018W_366	0.337963796589581	2.66003186654501	chrIII:YCL065W_340	chrIII:NCR015C_374
ASN1	YCL018W_364	-0.48254900437175696	5.813646637256791	chrIII:YCL022C_348	chrIII:YCL009C_371
SEC23	YCL018W_360	0.368968662868997	3.2095560974714203	chrIII:YCL039W_343	chrIII:YCL009C_371
SFA1	YDL167C_441	-0.7276507632903629	16.5346029996173	chrIV:YDL167C_441	chrIV:YDL167C_441
MRH1	YDR034C_502	0.8528436934403729	28.501308035170698	chrIV:YDR034C_502	chrIV:YDR034C_505
YDR539W	YDR537C_609	-0.6794605139446589	13.5819076436341	chrIV:YDR537C_609	chrIV:YDR538W_610
MSL5	NDL038W_406	-0.9196517595408571	40.995959493506604	chrIV:YDL227C_391	chrIV:NDL038W_406
YAP1	YDL227C_391	-0.9006904757790491	36.566933862590005	chrIV:YDL227C_391	chrIV:NDL038W_406
RPA49	YDL227C_391	-0.9292979806778779	43.6910280555546	chrIV:YDL227C_391	chrIV:NDL038W_406
CDC24	YER144C_719	0.570299782102581	8.62801871103067	chrV:YER129W_715	chrV:YER144C_719
HTA1	YER037W_688	0.454802120624642	5.08241679042374	chrV:YER019W_657	chrV:YER037W_688
ECM33	YER037W_688	0.4123581634664699	4.08759363076029	chrV:YER007W_653	chrV:NER019W_706
PYC1	NEL011C_651	-0.430846601957452	4.50346831806761	chrV:gEL02_638	chrV:RPR1_652
RIB5	YER144C_719	-0.505682609524423	6.47716414168531	chrV:NER037W_716	chrV:YER144C_719
URA3	NEL011C_651	0.919486211023861	40.952709287264106	chrV:NEL011C_651	chrV:NEL011C_651
TMA20	YER007W_653	0.9532181832765492	52.478193987756605	chrV:YER007W_653	chrV:YER007W_654
ERG28	YER046W_692	-0.563268076872467	8.37045593153617	chrV:NER009C_678	chrV:NER016C_703
CTT1	YER095W_713	-0.43319977524372494	4.55829436861308	chrV:YER095W_713	chrV:YER129W_715
COX6	YER116C_714	-0.42987379975686796	4.48093024652728	chrV:YER095W_713	chrV:YER129W_715
URA2	NEL011C_651	-0.692010648658652	14.294590949826	chrV:YEL021W_639	chrV:RPR1_652
MAE1	NEL011C_651	-0.440954935928647	4.74209057409046	chrV:gEL02_638	chrV:YER007W_654
YNK1	YER116C_714	-0.455050883870483	5.08867625272004	chrV:YER116C_714	chrV:YER116C_714
MDH1	YER116C_714	-0.42992663287428706	4.48215239221054	chrV:YER095W_713	chrV:YER144C_719
OCT1	NEL011C_651	-0.8128538829070021	23.7075470931401	chrV:NEL011C_651	chrV:NEL011C_651
URA1	NEL011C_651	-0.569239486864099	8.58878177292077	chrV:gEL02_638	chrV:RPR1_652
URA4	NEL011C_651	-0.7097128838464759	15.3645772609951	chrV:YEL021W_639	chrV:RPR1_652
RIB4	NEL011C_651	-0.812025272474952	23.620682417673002	chrV:YEL021W_639	chrV:RPR1_652
PRT1	YEL028W_637	-0.42297014066086297	4.32309926147552	chrV:YEL039C_635	chrV:RPR1_652
SAM4	YER022W_668	-0.448746512582164	4.93164044721625	chrV:YER014W_655	chrV:YER040W_689
FAT1	YGR190C_1084	-0.7496640110589771	18.105363612610002	chrVII:YGR190C_1084	chrVII:YGR191W_1086
DEM1	YGR190C_1084	-0.803868792191111	22.7880417798302	chrVII:YGR190C_1084	chrVII:YGR190C_1084
YFR016C	YGR190C_1084	-0.8657774959231129	30.366398038698396	chrVII:YGR190C_1084	chrVII:YGR190C_1084
ERG4	YGR002C_1001	0.45301577182952	5.03762081418907	chrVII:YGL053W_960	chrVII:YGR012W_1005
MTO1	YGR190C_1084	-0.90122337941881	36.67879085168921	chrVII:YGR190C_1084	chrVII:YGR190C_1084
TEL2	YGR190C_1084	0.703063305115744	14.9533195801361	chrVII:YGR190C_1084	chrVII:YGR200C_1089
YHB1	YGR230W_1106	-0.622794464578317	10.764500465471098	chrVII:YGR225W_1103	chrVII:YGR233C_1110
LSM12	YGR295C_1146	-0.429413437805425	4.47029030074212	chrVII:YGR278W_1125	chrVII:NGR128W_1158
ARO9	YGR190C_1084	0.810247854069884	23.4358007608085	chrVII:YGR190C_1084	chrVII:YGR191W_1086
YJL016W	YGR190C_1084	-0.789480150972241	21.410993260985602	chrVII:YGR190C_1084	chrVII:YGR191W_1086
CPA2	YGR191W_1086	0.7565033365184208	18.6273293159865	chrVII:YGR190C_1084	chrVII:YGR191W_1086
TRX1	YGL228W_901	0.445924352762647	4.86241094415538	chrVII:YGL228W_901	chrVII:YGL226W_904
TCB2	YGR230W_1106	-0.6438574157165141	11.741853428491302	chrVII:YGR227W_1104	chrVII:YGR233C_1110
STI1	YGL068W_959	0.695413305278614	14.4941809825353	chrVII:YGL068W_959	chrVII:YGL068W_959
PTP2	YGR190C_1084	-0.918246736634985	40.6318169392625	chrVII:YGR190C_1084	chrVII:YGR190C_1084
MSC6	YGR148C_1062	-0.8062627580492121	23.0283009573388	chrVII:YGR148C_1062	chrVII:YGR150C_1065
SOL3	YHR167W_1293	-0.660777357026832	12.584789446370001	chrVIII:YHR167W_1293	chrVIII:YHR177W_1296
IRC24	NJR015C_1621	0.465245649291519	5.34972925875842	chrX:YJR073C_1600	chrX:YJR108W_1626
CBF1	NJR011W_1595	0.48068970087351504	5.76250493672542	chrX:YJR053W_1589	chrX:NJR011W_1595
LIA1	YJR071W_1597	-0.45597108585571	5.11187599990191	chrX:YJR071W_1597	chrX:YJR079W_1608
SOD1	NJR015C_1621	0.525283135824259	7.080850999714969	chrX:YJR074W_1602	chrX:YJR108W_1626
ISW2	YJR013W_1560	-0.562830375575036	8.35462797803374	chrX:YJR013W_1560	chrX:YJR016C_1561
RPL14B	NKR001C_1744	-0.8004433184428459	22.4499907927843	chrXI:NKR001C_1744	chrXI:YKR004C_1745
RPL14A	NKR001C_1744	0.84746572578862	27.777836583045502	chrXI:NKR001C_1744	chrXI:YKR004C_1745
UBA1	NKL041W_1647	0.4642069405755839	5.32272299382432	chrXI:NKL041W_1645	chrXI:YKL189W_1653
SDS24	YLR381W_2135	0.400856224474582	3.8418068924355397	chrXII:YLR381W_2134	chrXII:YLR418C_2149
PDI1	YLR258W_2056	0.43132494517486	4.514577870873	chrXII:YLR257W_2055	chrXII:YLR277C_2071
YDR098C-A	gLR07_2051	0.42312628718042	4.3266284001734	chrXII:gLR07_2048	chrXII:YLR258W_2056
YCG1	YLR274W_2070	0.41308751355711204	4.10350839607148	chrXII:YLR273C_2066	chrXII:YLR277C_2071
UTP5	YLR180W_2035	-0.430838492055088	4.5032801197995	chrXII:NLR032W_1990	chrXII:YLR181C_2036
SAM2	YLR274W_2070	-0.440666797436762	4.73517555199517	chrXII:YLR235C_2044	chrXII:YLR308W_2095
EUG1	gLR07_2049	0.463976516183661	5.31674467288679	chrXII:gLR07_2048	chrXII:YLR263W_2059
TIM9	YLR263W_2058	-0.5586455098587231	8.20448744762502	chrXII:YLR257W_2055	chrXII:YLR274W_2070
HYP2	YLR257W_2055	-0.669768913645936	13.0555466030404	chrXII:YLR257W_2055	chrXII:YLR263W_2059
ERG28	YLR257W_2055	-0.712091798361167	15.5145552772581	chrXII:YLR257W_2055	chrXII:YLR258W_2056
SMC2	NLR076W_2034	-0.639255800712468	11.5217726782832	chrXII:NLR076W_2034	chrXII:NLR076W_2034
YGL157W	YLR070C_1969	-0.44384575233548207	4.81183906761697	chrXII:YLR059C_1965	chrXII:gLR05_1981
COX4	YLR258W_2056	-0.488416974436151	5.9771426155275895	chrXII:YLR257W_2055	chrXII:YLR274W_2070
RPL26B	YLR341W_2110	-0.621789080362902	10.719714006548001	chrXII:YLR341W_2110	chrXII:YLR342W_2119
YHB1	YLR257W_2055	-0.6698383133323901	13.0592446546577	chrXII:YLR257W_2055	chrXII:YLR258W_2056
BGL2	YLR180W_2035	-0.442217595268899	4.7724721988268	chrXII:YLR180W_2035	chrXII:YLR181C_2036
YSC84	YLL024C_1943	-0.6534968599894139	12.2154172724103	chrXII:NLL003W_1938	chrXII:YLL024C_1943
COX6	YLR258W_2056	-0.5752950138858979	8.814812465959509	chrXII:YLR257W_2055	chrXII:YLR263W_2059
ERG9	NLR116W_2061	-0.454844103233794	5.08347280523237	chrXII:YLR253W_2053	chrXII:YLR277C_2071
RNR2	NLR028W_1988	-0.44737954860372	4.8980260555756905	chrXII:NLR028W_1988	chrXII:YLR176C_2033
ERG20	YLR258W_2056	-0.6285648931633271	11.024755093429699	chrXII:YLR257W_2055	chrXII:YLR265C_2060
SUI2	NLR032W_1991	-0.496871054799805	6.21838347179748	chrXII:NLR028W_1988	chrXII:YLR176C_2032
CYC1	YLR257W_2055	-0.7727416838769899	19.939155321151	chrXII:YLR257W_2055	chrXII:YLR257W_2055
SOD1	YLR274W_2070	-0.44807226230736896	4.9150410086870995	chrXII:YLR261C_2057	chrXII:YLR292C_2087
TEF4	YLR258W_2056	0.40846017567405296	4.0032077298196205	chrXII:YLR253W_2053	chrXII:YLR288C_2086
PIR1	YLR364W_2127	0.435173258453075	4.60461102590663	chrXII:YLR364W_2127	chrXII:YLR366W_2130
YKR023W	YLR252W_2052	-0.7069376290601629	15.1915255817032	chrXII:gLR07_2050	chrXII:YLR253W_2054
PET10	YLR257W_2055	-0.5400823550385471	7.56368714549138	chrXII:YLR257W_2055	chrXII:YLR277C_2071
COX12	YLR263W_2058	-0.45683830725027597	5.13380547043013	chrXII:YLR252W_2052	chrXII:YLR288C_2086
ERG27	YLR257W_2055	-0.5968694677331701	9.659886986099618	chrXII:YLR257W_2055	chrXII:YLR263W_2059
ACS2	YLR257W_2055	-0.706615619438884	15.171578402585599	chrXII:YLR257W_2055	chrXII:YLR263W_2059
YLR179C	NLR076W_2034	-0.65847805322886	12.4670185146803	chrXII:NLR076W_2034	chrXII:NLR076W_2034
MAP1	gLR07_2051	0.7107153695105151	15.427592557114902	chrXII:gLR07_2051	chrXII:gLR07_2051
RPS30A	NLR118C_2080	0.735269707324715	17.06038343054	chrXII:YLR285W_2079	chrXII:YLR288C_2086
RPL26A	YLR342W_2116	0.93658998022964	45.995623759938	chrXII:YLR342W_2116	chrXII:YLR342W_2119
TAL1	YLR351C_2122	0.583022034006768	9.110196648829199	chrXII:YLR350W_2121	chrXII:YLR366W_2130
YLR413W	YLR258W_2056	0.5381273464141939	7.498515578634441	chrXII:YLR257W_2055	chrXII:YLR271W_2065
ERG6	YLR258W_2056	-0.529440700829552	7.21407631754403	chrXII:YLR257W_2055	chrXII:YLR271W_2065
HMG1	YLR257W_2055	-0.7170715809381729	15.8335188552332	chrXII:YLR257W_2055	chrXII:YLR257W_2055
ERG13	YLR257W_2055	-0.8537763508053579	28.629714747392	chrXII:YLR257W_2055	chrXII:YLR257W_2055
ERG5	YLR257W_2055	-0.49396582777387393	6.13471428183894	chrXII:gLR07_2048	chrXII:YLR282C_2077
YMR178W	YLR258W_2056	-0.42437383378376903	4.35489202464163	chrXII:YLR257W_2055	chrXII:YLR265C_2060
HSC82	YLR281C_2072	0.44625177836930296	4.8704093508956	chrXII:YLR257W_2055	chrXII:YLR292C_2087
ERG2	YLR263W_2058	-0.7517789964681941	18.2649489784387	chrXII:YLR257W_2055	chrXII:YLR263W_2059
ERG12	YLR257W_2055	-0.5404638090049549	7.57645340081344	chrXII:YLR252W_2052	chrXII:YLR263W_2059
YMR226C	YLR258W_2056	-0.462507808048776	5.27874716875576	chrXII:YLR180W_2035	chrXII:YLR277C_2071
ALG11	YLR257W_2055	0.410530192522095	4.04788041242979	chrXII:YLR252W_2052	chrXII:YLR288C_2086
RPL16B	YLR281C_2072	0.40413911873227	3.9109718248823704	chrXII:YLR257W_2055	chrXII:YLR288C_2086
TCB2	YLR258W_2056	-0.41374323030113896	4.1178503447281	chrXII:YLR257W_2055	chrXII:YLR271W_2065
SSK2	YLR257W_2055	-0.490651268772801	6.040240220810079	chrXII:YLR253W_2053	chrXII:YLR288C_2085
MVD1	YLR257W_2055	-0.685173867227605	13.901867736519598	chrXII:YLR257W_2055	chrXII:YLR263W_2059
CYT1	YLR257W_2055	-0.574455961800088	8.783211073692009	chrXII:YLR257W_2055	chrXII:YLR263W_2059
ERG10	YLR257W_2055	-0.6780993315100551	13.506753079851	chrXII:YLR257W_2055	chrXII:YLR257W_2055
IDI1	YLR263W_2058	-0.5632404350965021	8.3694556602349	chrXII:YLR257W_2055	chrXII:YLR274W_2070
KIP2	NLR032W_1991	-0.413097227872199	4.10372063485047	chrXII:YLR140W_1987	chrXII:YLR181C_2036
YPR010C-A	YLR257W_2055	-0.6286325771321739	11.0278404654352	chrXII:YLR257W_2055	chrXII:YLR263W_2059
QCR2	YLR258W_2056	-0.466398653554146	5.37981701709589	chrXII:YLR257W_2055	chrXII:YLR288C_2086
EFB1	YML108W_2192	-0.36333721519675705	3.10510590176668	chrXIII:NML013W_2188	chrXIII:YMR159C_2350
GCV3	NML011W_2190	0.422018655576351	4.30163470035727	chrXIII:NML011W_2190	chrXIII:YML098W_2197
ADE1	NML011W_2190	0.472431735662403	5.53915147538293	chrXIII:NML011W_2190	chrXIII:gML01_2196
HTB1	YML108W_2192	-0.408672389937493	4.00777292571735	chrXIII:YML121W_2182	chrXIII:gML01_2196
RPL19A	YML108W_2192	-0.46409989789817696	5.31994521824941	chrXIII:NML011W_2190	chrXIII:gML01_2196
YBL059C-A	YML106W_2193	0.5350306758558511	7.39616129453212	chrXIII:NML013W_2188	chrXIII:gML01_2196
AVT5	YML106W_2193	0.466252535523812	5.37599764508728	chrXIII:YML118W_2187	chrXIII:gML01_2196
RPL32	gML01_2195	-0.40030841509216	3.83034150357418	chrXIII:YML118W_2186	chrXIII:gML01_2196
HHF1	YML108W_2192	-0.4348184212691071	4.59626042656083	chrXIII:YML121W_2182	chrXIII:YMR081C_2291
GAL10	NML011W_2190	0.577095329174394	8.88292842129247	chrXIII:NML013W_2188	chrXIII:gML01_2196
PDX3	gML01_2195	0.49305616817404607	6.10868254454255	chrXIII:YML118W_2186	chrXIII:gML01_2196
ATP3	NML011W_2190	-0.428122642827335	4.44054547548146	chrXIII:NML013W_2188	chrXIII:gML01_2196
TCM62	YML108W_2192	0.430981796490715	4.50660640001875	chrXIII:NML013W_2188	chrXIII:YML084W_2210
RPS11A	NML011W_2190	-0.461574824659933	5.25470619774283	chrXIII:NML013W_2188	chrXIII:gML01_2196
TAT1	YML106W_2193	0.445714414685762	4.8572871640793	chrXIII:YML121W_2182	chrXIII:gML01_2196
YSA1	YML106W_2193	0.38743706608965894	3.56711765204993	chrXIII:YML121W_2182	chrXIII:gML01_2196
GRS1	NML013W_2188	0.398797431586874	3.79882949904662	chrXIII:YML121W_2182	chrXIII:NML009C_2199
IRA1	NML013W_2188	-0.42124310560334993	4.28419030019719	chrXIII:YML121W_2182	chrXIII:gML01_2196
NPL4	gML01_2195	-0.44640687493944103	4.87420114366441	chrXIII:NML013W_2189	chrXIII:YML083C_2212
RPS6A	gML01_2195	-0.425287088341975	4.37565809190904	chrXIII:NML011W_2190	chrXIII:gML01_2196
HIS7	NML011W_2190	0.35914254143590996	3.0286643068070203	chrXIII:YML121W_2182	chrXIII:YML096W_2202
ARO4	YML108W_2192	0.5586472350119829	8.20454889963008	chrXIII:NML013W_2188	chrXIII:gML01_2196
ILV6	YML106W_2193	0.591244182216846	9.43336082130119	chrXIII:NML013W_2188	chrXIII:gML01_2196
YCL021W-A	YML108W_2192	0.5067469871894821	6.50894104229147	chrXIII:NML013W_2188	chrXIII:gML01_2195
AGP1	YML118W_2187	0.360062033442769	3.0453219884117	chrXIII:YML121W_2182	chrXIII:YMR168C_2351
SRO9	gML01_2195	-0.4781661901310039	5.693598344152419	chrXIII:NML013W_2189	chrXIII:gML01_2196
CHA1	NML011W_2190	0.45383189441589505	5.058053364676749	chrXIII:NML011W_2190	chrXIII:NML007W_2215
CIT2	gML01_2195	0.5137635064405079	6.72126810855561	chrXIII:gML01_2194	chrXIII:gML01_2196
ADP1	YML121W_2182	-0.381249858574238	3.44472833267271	chrXIII:YML121W_2182	chrXIII:YML096W_2202
RIM1	NML013W_2189	0.38398978597552896	3.49859969014469	chrXIII:NML013W_2188	chrXIII:YML013C_2256
THR4	YML106W_2193	0.5576624227479211	8.16952751262691	chrXIII:NML013W_2188	chrXIII:gML01_2196
ADH7	NML011W_2190	0.5197981770520229	6.90790895564202	chrXIII:NML013W_2188	chrXIII:gML01_2196
CDC7	gML01_2195	0.621861707289638	10.7229438044494	chrXIII:NML013W_2188	chrXIII:gML01_2195
GPM2	gML01_2195	0.508016442601266	6.5469884018069395	chrXIII:YML118W_2186	chrXIII:gML01_2196
TSR1	YML108W_2192	0.518747469843021	6.8751410418570105	chrXIII:NML013W_2188	chrXIII:gML01_2196
IDP1	YML108W_2192	0.5306163763266629	7.252088403747329	chrXIII:NML013W_2188	chrXIII:gML01_2196
VAM6	NML013W_2188	-0.370078761745844	3.23039484124492	chrXIII:YML121W_2182	chrXIII:gML01_2196
RPS16A	YML121W_2182	-0.39025944129919893	3.6238326595209105	chrXIII:YML121W_2182	chrXIII:gML01_2196
SUB2	NML013W_2189	-0.38266610009912	3.47250921709328	chrXIII:YML121W_2182	chrXIII:gML01_2196
LYS21	YML106W_2193	0.4994754219122971	6.2940796301177695	chrXIII:YML118W_2186	chrXIII:gML01_2195
RPL35A	YML108W_2192	-0.40085345227470703	3.84174881704169	chrXIII:NML013W_2189	chrXIII:YML098W_2197
ATG9	NML013W_2188	0.43013817919421204	4.487048109245321	chrXIII:NML013W_2188	chrXIII:YML108W_2192
SFA1	YML106W_2193	0.43555515585592297	4.613609619116231	chrXIII:YML118W_2186	chrXIII:gML01_2196
DLD2	gML01_2194	0.41107358634099	4.05965987515951	chrXIII:YML121W_2182	chrXIII:YML083C_2212
LYS20	YML106W_2193	0.449684769201942	4.95480200364785	chrXIII:NML013W_2188	chrXIII:YML098W_2197
YDL233W	NML013W_2188	-0.38465969085007706	3.51185004624817	chrXIII:NML013W_2188	chrXIII:gML01_2196
RPL4B	YML088W_2205	0.38343394889883897	3.48762912484437	chrXIII:NML013W_2189	chrXIII:NML007W_2215
ARO3	NML011W_2190	0.531814724008958	7.290988449121589	chrXIII:NML013W_2188	chrXIII:gML01_2196
CDC34	YML108W_2192	0.530266538675764	7.24076170751209	chrXIII:NML013W_2188	chrXIII:gML01_2196
PST1	YML108W_2192	-0.38110348618718604	3.44186497733397	chrXIII:YML118W_2186	chrXIII:gML01_2196
RPS13	YML108W_2192	-0.422083582847016	4.3030971915300205	chrXIII:NML013W_2188	chrXIII:gML01_2196
PAA1	NML011W_2190	0.3717491023150711	3.26190597502779	chrXIII:YML120C_2184	chrXIII:NML009C_2199
STN1	YML108W_2192	-0.38119304085267297	3.44361668218315	chrXIII:NML013W_2188	chrXIII:YML083C_2212
ARO1	gML01_2194	0.509759226376569	6.59948537510643	chrXIII:YML118W_2186	chrXIII:gML01_2196
SAC6	YML121W_2182	-0.41175392205522	4.07443881849819	chrXIII:YML121W_2182	chrXIII:YML120C_2185
HOM2	YML108W_2192	0.5518443859765619	7.96501096399949	chrXIII:NML013W_2188	chrXIII:gML01_2196
RVB1	gMR11_2363	0.36139147262553706	3.0695041613977496	chrXIII:YML088W_2205	chrXIII:gMR12_2373
RTN1	YML056C_2223	0.371301117713632	3.25343632861938	chrXIII:NML013W_2188	chrXIII:YML031W_2236
LYS4	YML118W_2186	0.403264236006808	3.89246304464232	chrXIII:YML121W_2182	chrXIII:YML098W_2197
YDR341C	YML106W_2193	0.505404011808035	6.468865249704889	chrXIII:NML013W_2188	chrXIII:gML01_2196
TRR1	YML023C_2238	0.5460092693951211	7.763916500988129	chrXIII:YML023C_2238	chrXIII:YML016C_2249
TOM1	YML106W_2193	0.399909325821194	3.82200239370212	chrXIII:YML118W_2186	chrXIII:YML098W_2197
RIB3	gML01_2194	0.4503825086917929	4.97207349544748	chrXIII:YML121W_2182	chrXIII:YML098W_2197
ITR1	YML121W_2182	-0.40526254718960397	3.9348206119422997	chrXIII:YML121W_2182	chrXIII:gML01_2196
LCD1	YML108W_2192	0.444405051764165	4.8254120096711794	chrXIII:NML013W_2188	chrXIII:gML01_2196
SAM2	YML108W_2192	-0.416248818824235	4.17294968353942	chrXIII:YML121W_2182	chrXIII:gML01_2196
QCR7	YML121W_2182	-0.435731507730893	4.617768884426219	chrXIII:YML121W_2182	chrXIII:YML118W_2187
YDR539W	YML106W_2193	0.486864946925802	5.93358809533708	chrXIII:YML118W_2186	chrXIII:YML096W_2202
GLY1	NML013W_2189	0.45563846626653903	5.1034818922592695	chrXIII:NML013W_2188	chrXIII:gML01_2196
DLD3	gML01_2195	0.5483919974916049	7.845551369692349	chrXIII:NML013W_2188	chrXIII:gML01_2196
PMI40	YML108W_2192	-0.360532017233784	3.0538576493670697	chrXIII:NML013W_2188	chrXIII:YML084W_2209
YND1	YML108W_2192	-0.37976717766562795	3.41579198750667	chrXIII:YML121W_2182	chrXIII:YML098W_2197
CHO1	YML120C_2184	-0.36705754227978604	3.17387326829807	chrXIII:YML121W_2182	chrXIII:gML01_2196
ARB1	YML121W_2182	-0.392144817625409	3.6620307938640497	chrXIII:YML121W_2182	chrXIII:gML01_2196
SAH1	YML108W_2192	-0.36361350605534204	3.11018147005112	chrXIII:NML013W_2188	chrXIII:gML01_2196
HOM3	YML106W_2193	0.567639119602287	8.529829505696009	chrXIII:NML013W_2188	chrXIII:gML01_2195
HIS1	YML106W_2193	0.560489280339036	8.27037178742995	chrXIII:NML013W_2188	chrXIII:gML01_2196
RNR1	gML01_2195	-0.45454416941102294	5.07593163677768	chrXIII:NML011W_2190	chrXIII:YML084W_2209
ALD5	YML106W_2193	0.5684896345253381	8.56111928189822	chrXIII:NML013W_2188	chrXIII:gML01_2196
SER3	YML108W_2192	0.449456407413517	4.94915801644046	chrXIII:NML013W_2188	chrXIII:gML01_2196
ILV1	gML01_2195	0.50068573159168	6.32948163734295	chrXIII:YML118W_2186	chrXIII:gML01_2196
TRP2	YML108W_2192	0.555780035908384	8.102913521317179	chrXIII:NML013W_2188	chrXIII:gML01_2195
MET6	gML01_2195	0.47975624584536003	5.7369486372704195	chrXIII:NML013W_2188	chrXIII:YML096W_2202
KAP123	NML013W_2189	-0.37197559072797	3.2661931234867	chrXIII:NML013W_2188	chrXIII:YML086C_2206
RPS26A	YML108W_2192	-0.4236844262060879	4.33925845620138	chrXIII:YML121W_2182	chrXIII:gML01_2196
TMT1	YML108W_2192	0.37790767424549	3.3797143794642204	chrXIII:YML118W_2186	chrXIII:gML01_2196
PDA1	NML011W_2190	0.5111041706853271	6.6402078001052	chrXIII:NML013W_2188	chrXIII:gML01_2196
NIC96	NML013W_2188	-0.386122052992826	3.54088298868446	chrXIII:YML121W_2182	chrXIII:gML01_2195
RPN12	NML013W_2188	0.43161255488885103	4.521266273111911	chrXIII:YML121W_2182	chrXIII:YML016C_2248
LEU1	YML106W_2193	0.5266286535063571	7.12376352771968	chrXIII:NML013W_2188	chrXIII:gML01_2196
TRP5	YML106W_2193	0.46800747881082705	5.421993347958361	chrXIII:NML013W_2188	chrXIII:gML01_2196
CWH41	YML108W_2192	0.519448416001118	6.89698832067084	chrXIII:NML013W_2188	chrXIII:gML01_2196
RPL30	YML108W_2192	-0.42840445852336295	4.44702850138322	chrXIII:NML011W_2190	chrXIII:YML106W_2193
SDS23	NML013W_2188	0.45888219882300896	5.18574166373301	chrXIII:NML013W_2188	chrXIII:gML01_2196
CEG1	gML01_2195	-0.362126159478608	3.08291766214912	chrXIII:YML120C_2184	chrXIII:YML096W_2202
SEC27	YML121W_2182	-0.37488288374195294	3.3215316626061804	chrXIII:YML121W_2182	chrXIII:gML01_2196
GPI10	YML121W_2182	-0.38920705969831504	3.60261998587362	chrXIII:YML121W_2182	chrXIII:gML01_2195
ARO2	gML01_2194	0.5279218272420639	7.16518968585732	chrXIII:YML118W_2186	chrXIII:YML098W_2197
NUT1	NML013W_2189	-0.380745260913326	3.4348635418772995	chrXIII:YML121W_2182	chrXIII:SNR74_2275
YGL157W	NML009C_2200	-0.467803563671764	5.416635054731571	chrXIII:NML013W_2188	chrXIII:YML096W_2202
RAD54	NML013W_2189	-0.415038968864008	4.14628556425981	chrXIII:NML013W_2188	chrXIII:YML106W_2193
ARO8	YML108W_2192	0.48086906279734204	5.76742464658598	chrXIII:YML118W_2186	chrXIII:gML01_2196
ADE5,7	YML118W_2186	0.421674927392988	4.2938975710376095	chrXIII:YML121W_2182	chrXIII:YML098W_2197
ZRT1	gML01_2195	0.48835772118466	5.9754756560918	chrXIII:NML011W_2190	chrXIII:YML096W_2202
RPS25A	YML118W_2186	-0.36934099221022904	3.21653627027458	chrXIII:YML121W_2182	chrXIII:YML097C_2198
YGR035C	gML01_2195	-0.403892308600166	3.90574473270754	chrXIII:YML121W_2182	chrXIII:NML009C_2199
PHB1	YMR014W_2276	-0.379185390722806	3.4044788849527903	chrXIII:YML017W_2245	chrXIII:YMR029C_2277
CBF2	YML108W_2192	0.46830952350008703	5.429936898346701	chrXIII:YML121W_2182	chrXIII:gML01_2196
TDH3	YML121W_2182	-0.40072219100888795	3.8389996330664102	chrXIII:YML121W_2182	chrXIII:gML01_2196
ADE3	NML011W_2190	0.532561579482133	7.315311848285281	chrXIII:NML013W_2188	chrXIII:gML01_2196
YGR207C	SNR74_2274	-0.38606477731634103	3.53974307093595	chrXIII:SNR74_2269	chrXIII:YMR029C_2277
RPS0A	YML108W_2192	-0.37082764472619506	3.24449944392563	chrXIII:YML121W_2182	chrXIII:NML009C_2199
YHB1	NML011W_2190	0.4063311074355929	3.95759024372309	chrXIII:YML118W_2187	chrXIII:NML009C_2199
GOS1	YML108W_2192	-0.44857050366028706	4.92730364533324	chrXIII:YML121W_2182	chrXIII:gML01_2196
SBP1	gML01_2194	0.363569549488366	3.1093736345029597	chrXIII:YML118W_2187	chrXIII:YML013C_2256
ARG4	gML01_2194	0.415076252908316	4.1471056322616	chrXIII:YML118W_2186	chrXIII:YML098W_2197
THR1	NML011W_2190	0.391955711273492	3.6581881426420804	chrXIII:YML118W_2186	chrXIII:YML098W_2197
AAP1	NML013W_2188	0.387059103310096	3.55956490032171	chrXIII:YML121W_2182	chrXIII:YML098W_2197
GIC1	NML013W_2188	-0.3660282665907779	3.1547561731953	chrXIII:YML121W_2182	chrXIII:gML01_2195
RPP1	gML01_2195	0.515405684583735	6.77168501957145	chrXIII:NML013W_2188	chrXIII:gML01_2196
YSP1	YML108W_2192	0.5662826421466	8.48011460741657	chrXIII:NML013W_2189	chrXIII:gML01_2196
MTG2	gML01_2195	0.40647225130503994	3.96060409044885	chrXIII:YML118W_2186	chrXIII:YML098W_2197
BAT1	YML108W_2192	0.6019038826987629	9.86646800773541	chrXIII:NML013W_2188	chrXIII:gML01_2195
IMD2	YML056C_2225	-0.85229536909489	28.426230189499503	chrXIII:YML056C_2225	chrXIII:YML056C_2225
YIL002W-A	YML088W_2205	0.368577492586201	3.2022326798252405	chrXIII:YML108W_2192	chrXIII:YML088W_2205
CBR1	NML013W_2189	-0.379192550131635	3.40461796196268	chrXIII:YML121W_2182	chrXIII:YML098W_2197
NEO1	YML106W_2193	0.514413491768951	6.741190376659009	chrXIII:NML013W_2188	chrXIII:gML01_2196
MMF1	NML011W_2190	0.590690037330651	9.41128723081018	chrXIII:NML011W_2190	chrXIII:YML106W_2193
RHR2	YML108W_2192	0.609780469095786	10.197179349308	chrXIII:NML011W_2190	chrXIII:gML01_2195
RPN2	YML120C_2183	-0.379677658640818	3.4140497415685402	chrXIII:YML121W_2182	chrXIII:NML013W_2189
FMC1	YML121W_2182	-0.36021254086415605	3.0480538717083996	chrXIII:YML121W_2182	chrXIII:gML01_2196
SEC24	NML011W_2190	-0.36803822634691996	3.19215337329803	chrXIII:NML013W_2188	chrXIII:YML086C_2206
FKH1	gML01_2195	0.5024623796650529	6.381708678871959	chrXIII:YML118W_2186	chrXIII:gML01_2196
LYS1	YML106W_2193	0.40206898934106394	3.8672666831469202	chrXIII:YML118W_2186	chrXIII:YML088W_2205
NOP9	YML118W_2186	-0.45221598918002703	5.017651433930941	chrXIII:YML121W_2182	chrXIII:gML01_2196
MPS3	YML108W_2192	-0.42985063708006205	4.4803945119273	chrXIII:YML121W_2182	chrXIII:gML01_2196
KAR2	YML121W_2182	-0.42213317605232703	4.304214499109779	chrXIII:YML121W_2182	chrXIII:gML01_2195
INO1	gML01_2195	-0.39511587708413304	3.72273544401712	chrXIII:NML013W_2188	chrXIII:YML086C_2206
CIS3	YML108W_2192	-0.502938973263174	6.395771519551059	chrXIII:NML011W_2190	chrXIII:gML01_2195
CPS1	YML108W_2192	0.429874560258389	4.48094783704407	chrXIII:NML013W_2188	chrXIII:gML01_2196
RPS22A	YML121W_2182	-0.374310043819744	3.31058284726818	chrXIII:YML121W_2182	chrXIII:gML01_2196
YJR008W	YML121W_2182	-0.41200724290203006	4.07995050441394	chrXIII:YML121W_2182	chrXIII:gML01_2196
BNA1	NML013W_2188	0.385454198344534	3.52760532938752	chrXIII:NML013W_2188	chrXIII:gML01_2196
TOR1	YML108W_2192	-0.453152241606728	5.04103360412349	chrXIII:NML011W_2190	chrXIII:gML01_2196
CPA2	YML108W_2192	0.449394295653875	4.947623664374889	chrXIII:NML013W_2188	chrXIII:gML01_2196
ECM17	NML011W_2190	0.596477020570695	9.64393736367793	chrXIII:NML013W_2188	chrXIII:gML01_2196
PMT4	YML106W_2193	-0.40587973954581	3.9479619811464	chrXIII:NML011W_2190	chrXIII:YML088W_2205
BAT2	YML121W_2182	0.418770922705892	4.2288895999376805	chrXIII:YML121W_2182	chrXIII:gML01_2196
UFD4	YML108W_2192	0.523340722540399	7.0192423337181	chrXIII:YML120C_2183	chrXIII:YML088W_2205
URB1	gML01_2195	0.5216967904491221	6.96741330370139	chrXIII:NML013W_2188	chrXIII:gML01_2196
MAE1	YML106W_2193	0.490356913344118	6.031900595996031	chrXIII:NML013W_2188	chrXIII:YML096W_2202
UGP1	YML120C_2184	-0.388367496965256	3.58575279030346	chrXIII:YML121W_2182	chrXIII:gML01_2196
CYT2	YML121W_2182	-0.384537538623146	3.50943162232809	chrXIII:YML121W_2182	chrXIII:NML009C_2199
CWP1	YML120C_2184	-0.371370426818456	3.25474581266115	chrXIII:YML121W_2182	chrXIII:gMR06_2279
SBA1	YML121W_2182	-0.4277924830974679	4.4329581806400595	chrXIII:YML121W_2182	chrXIII:YML120C_2185
YKL133C	YML121W_2182	-0.3623076778048279	3.0862371847947596	chrXIII:YML121W_2182	chrXIII:YML120C_2185
CTK1	YML121W_2182	-0.391074147834529	3.6403080440369506	chrXIII:YML121W_2182	chrXIII:YML108W_2192
PIR1	YML121W_2182	-0.383638481684905	3.4916635057923298	chrXIII:YML121W_2182	chrXIII:gML01_2196
RPL17A	NML011W_2190	-0.48401692997009294	5.854247462414239	chrXIII:NML011W_2190	chrXIII:gML01_2196
FAS1	YML108W_2192	-0.47651478859586	5.64881796986098	chrXIII:NML013W_2189	chrXIII:gML01_2196
YKT6	NML013W_2189	-0.43301067109571395	4.55387235949853	chrXIII:NML013W_2188	chrXIII:gML01_2196
TRP3	YML106W_2193	0.5473870164332579	7.8110392012133705	chrXIII:NML013W_2188	chrXIII:gML01_2196
YPT52	NML013W_2188	0.412231300648417	4.08482947249713	chrXIII:NML013W_2188	chrXIII:YML106W_2193
YKR016W	YML013C_2253	0.38837521367811406	3.58590759771693	chrXIII:NML001C_2240	chrXIII:YML007W_2258
SPO14	YML108W_2192	-0.45431085474429295	5.0700706895699295	chrXIII:NML013W_2188	chrXIII:gML01_2196
PET10	NML011W_2190	0.42874185304124796	4.45479822495292	chrXIII:NML013W_2188	chrXIII:YML106W_2193
RPF2	YMR152W_2344	0.39157196978461295	3.65039825795094	chrXIII:NMR044C_2340	chrXIII:YMR168C_2352
DPS1	YML106W_2193	0.460910428653426	5.23763175029245	chrXIII:NML013W_2188	chrXIII:gML01_2196
COF1	NML011W_2190	0.383932920441124	3.4974763522667796	chrXIII:YML121W_2182	chrXIII:YML018C_2244
SNF7	NML013W_2188	0.378720818451531	3.3954617082439302	chrXIII:YML118W_2186	chrXIII:YML013C_2256
AAT2	gML01_2195	0.541406362711985	7.60806880283336	chrXIII:NML013W_2188	chrXIII:gML01_2196
SHM2	NML011W_2190	0.705104808385561	15.0783520962958	chrXIII:NML011W_2190	chrXIII:YML106W_2193
SMC4	NML011W_2190	0.524925684019511	7.0694833375036	chrXIII:NML011W_2190	chrXIII:gML01_2196
ALT1	gML01_2195	0.522703532607814	6.999119446204371	chrXIII:NML013W_2188	chrXIII:gML01_2196
MDN1	YML108W_2192	-0.530955381406375	7.263077089565099	chrXIII:NML011W_2190	chrXIII:gML01_2196
YLR149C	NML013W_2188	-0.39629637421085107	3.7470295789953796	chrXIII:NML013W_2188	chrXIII:SNR74_2275
RPS31	YML108W_2192	-0.37901658776052294	3.4012007741198396	chrXIII:YML121W_2182	chrXIII:gML01_2196
SAM1	NML011W_2190	0.46533282690977706	5.35200012424016	chrXIII:YML118W_2187	chrXIII:YML096W_2202
GSP1	YML106W_2193	0.451545218860759	5.0009444816744	chrXIII:NML013W_2188	chrXIII:gML01_2196
EXG1	gML01_2195	-0.38671008901829496	3.5525994724054106	chrXIII:YML118W_2186	chrXIII:YMR070W_2290
MET17	YML108W_2192	0.5744429833259829	8.78272298213627	chrXIII:NML013W_2188	chrXIII:gML01_2195
ACO1	NML011W_2190	-0.459353486000873	5.197767699691769	chrXIII:NML011W_2190	chrXIII:YML084W_2209
RPL38	YML121W_2182	-0.388436949266491	3.5871462449388796	chrXIII:YML121W_2182	chrXIII:YML097C_2198
RPP0	YMR152W_2344	0.36824567549851	3.19602846498073	chrXIII:YML108W_2192	chrXIII:YMR168C_2352
ILV5	NML011W_2190	0.632043421997141	11.1843218279125	chrXIII:NML013W_2188	chrXIII:gML01_2196
RSC2	gML01_2195	0.404318039313474	3.91476388777429	chrXIII:YML121W_2182	chrXIII:YML098W_2197
ADE13	NML011W_2190	0.42051855178710296	4.267934439475121	chrXIII:YML118W_2186	chrXIII:YML098W_2197
URA4	YML108W_2192	0.535182308840648	7.40114838911477	chrXIII:NML013W_2188	chrXIII:YML106W_2193
TSR2	gML01_2195	0.3729595239696071	3.28485785069167	chrXIII:NML013W_2188	chrXIII:NML007W_2215
GLO1	YML004C_2259	-0.7872088749341479	21.2034944299877	chrXIII:YML004C_2259	chrXIII:YMR003W_2265
IMD4	YML108W_2192	-0.47491440465729795	5.60565545842082	chrXIII:NML013W_2189	chrXIII:gML01_2196
RPS1B	YML108W_2192	-0.448304457284514	4.92075320571334	chrXIII:YML121W_2182	chrXIII:gML01_2195
TCB3	gML01_2195	0.527221748048436	7.142740681881549	chrXIII:NML011W_2190	chrXIII:gML01_2196
CPR3	YML120C_2183	-0.39189451630758004	3.6569451987111097	chrXIII:YML121W_2182	chrXIII:YML061C_2219
ZDS2	YML121W_2182	-0.44716168690961505	4.89268293908799	chrXIII:YML121W_2182	chrXIII:gML01_2195
MIC17	YML004C_2259	0.8899261332518391	34.4344828099695	chrXIII:YML004C_2259	chrXIII:YMR003W_2265
SUB1	YML118W_2187	0.371921938244771	3.26517723587117	chrXIII:YML121W_2182	chrXIII:YML118W_2187
ECM40	gML01_2195	0.447378745597344	4.89800635445934	chrXIII:NML013W_2188	chrXIII:gML01_2196
ILV2	YML108W_2192	0.562585143825083	8.345770384189429	chrXIII:NML013W_2188	chrXIII:gML01_2195
ADE17	YML108W_2192	0.5770500789243349	8.88121114659578	chrXIII:NML011W_2190	chrXIII:gML01_2196
RPL36A	NML011W_2190	-0.37065166435353397	3.2411816177999704	chrXIII:YML121W_2182	chrXIII:YML096W_2202
TOM40	YML017W_2245	-0.36097655632972797	3.06194450409604	chrXIII:NML013W_2188	chrXIII:YMR014W_2276
ERG12	gML01_2195	0.385507132841416	3.5286565916007	chrXIII:YML121W_2182	chrXIII:YML017W_2245
RPL20A	YML108W_2192	-0.416228250848734	4.17249546204131	chrXIII:YML121W_2182	chrXIII:gML01_2196
BUL1	NML013W_2188	-0.378225291460909	3.38585997224051	chrXIII:YML121W_2182	chrXIII:gML01_2196
HAS1	YML108W_2192	-0.606635201715609	10.064005060641	chrXIII:NML011W_2190	chrXIII:gML01_2195
GAS1	YML108W_2192	-0.446356989650166	4.8729813354742095	chrXIII:NML011W_2190	chrXIII:gML01_2196
TGL3	NML011W_2190	0.46092526570353903	5.23801263718253	chrXIII:YML121W_2182	chrXIII:gML01_2196
YNL022C	gML01_2195	0.406247476790082	3.95580516669965	chrXIII:YML121W_2182	chrXIII:YML098W_2197
ALG11	NML013W_2189	-0.37833872294660703	3.3880564331036496	chrXIII:YML121W_2182	chrXIII:gML01_2196
YNL095C	YML121W_2182	-0.427641892729568	4.42950032629404	chrXIII:YML121W_2182	chrXIII:gML01_2196
YNL134C	gMR06_2278	0.3607134612443521	3.0571568332594596	chrXIII:YML023C_2238	chrXIII:YMR058W_2285
PDR16	NML013W_2188	0.44172493647349104	4.76060268759599	chrXIII:YML121W_2182	chrXIII:gML01_2196
POL2	YML121W_2182	-0.377591844330379	3.37361019367818	chrXIII:YML121W_2182	chrXIII:gML01_2195
SEC21	YML118W_2186	-0.396499600152339	3.75122191789688	chrXIII:YML121W_2182	chrXIII:YML098W_2197
VPS27	YML108W_2192	-0.401100850758697	3.84693380694453	chrXIII:YML121W_2182	chrXIII:gML01_2196
ACC1	YML106W_2193	-0.43835369102287003	4.67990563519713	chrXIII:YML121W_2182	chrXIII:gML01_2196
NOP12	gML01_2195	-0.37431924030599295	3.3107584463583	chrXIII:YML121W_2182	chrXIII:YML096W_2202
NTG2	YML108W_2192	-0.473518831549363	5.568204126580629	chrXIII:NML013W_2188	chrXIII:gML01_2196
ARG1	gML01_2195	0.564361662197282	8.410105548671469	chrXIII:NML013W_2188	chrXIII:gML01_2196
MET22	YML120C_2184	0.359024887379631	3.0265368498350798	chrXIII:YML121W_2182	chrXIII:YML088W_2205
THP1	gML01_2194	0.476787934072865	5.656207749395669	chrXIII:YML118W_2186	chrXIII:YML098W_2197
ADH1	YML108W_2192	-0.42157272394863793	4.29159877057476	chrXIII:NML011W_2190	chrXIII:YMR279C_2362
WRS1	YML106W_2193	0.37208285448396294	3.26822469889019	chrXIII:NML013W_2188	chrXIII:YML013C_2256
ZPS1	NML009C_2200	0.36230199814578795	3.08613328500652	chrXIII:NML011W_2190	chrXIII:YML038C_2234
RPS7A	NML011W_2190	-0.48923080488917703	6.00007125579307	chrXIII:NML011W_2190	chrXIII:YML106W_2193
LEU9	NML013W_2188	0.4225131341237371	4.3127809915804	chrXIII:YML120C_2184	chrXIII:YML096W_2202
ADE2	YML106W_2193	0.388050319550823	3.5793934000561	chrXIII:NML011W_2190	chrXIII:gML01_2196
PDR5	YML004C_2259	-0.8529579596603951	28.5169921385984	chrXIII:YML004C_2259	chrXIII:YMR003W_2265
SER1	YML108W_2192	0.477009168902786	5.662198049930849	chrXIII:YML118W_2186	chrXIII:YML098W_2197
SLK19	SNR74_2274	-0.38078951459125	3.43572799303268	chrXIII:YML016C_2247	chrXIII:YMR014W_2276
WTM1	YML108W_2192	0.439874688284135	4.71620025824625	chrXIII:NML013W_2188	chrXIII:gML01_2196
FSF1	YML118W_2187	0.37857112228573603	3.3925593044723703	chrXIII:YML121W_2182	chrXIII:YML098W_2197
RAX1	YML121W_2182	-0.49667360264909705	6.21267125477754	chrXIII:YML121W_2182	chrXIII:YML120C_2185
ISW2	YML118W_2186	0.371354904847563	3.25445252195665	chrXIII:YML121W_2182	chrXIII:YMR081C_2291
PRO2	NML013W_2188	0.438851000038169	4.69175217868772	chrXIII:YML118W_2186	chrXIII:gML01_2196
RPS12	YML121W_2182	-0.44888514516628397	4.93505811034606	chrXIII:YML121W_2182	chrXIII:YML108W_2192
RRP12	NML011W_2190	0.64888998136848	11.986937493413599	chrXIII:NML011W_2190	chrXIII:YML106W_2193
VTC3	gML01_2195	0.459020958045106	5.18928047499226	chrXIII:YML121W_2182	chrXIII:gML01_2196
ERG10	NML011W_2190	0.410179371795124	4.04028709959769	chrXIII:NML013W_2188	chrXIII:gML01_2196
GRX5	NML013W_2188	0.37441052996196295	3.312501855006	chrXIII:YML121W_2182	chrXIII:YML098W_2197
ALD6	NML011W_2190	-0.6363611230221079	11.3852522313127	chrXIII:NML011W_2190	chrXIII:YML108W_2192
IDI1	NML013W_2189	0.437473877117809	4.65899585455011	chrXIII:YML121W_2182	chrXIII:gML01_2196
YPL158C	YML108W_2192	-0.4023479053957871	3.87313708789889	chrXIII:NML013W_2188	chrXIII:gML01_2196
AFT2	SNR74_2269	-0.4110161442560471	4.05841363405109	chrXIII:YML016C_2248	chrXIII:YMR014W_2276
FAS2	YML108W_2192	-0.45778445858324796	5.1578034897654	chrXIII:YML121W_2182	chrXIII:gML01_2196
RBD2	YML106W_2193	0.4480793895112629	4.9152162779105	chrXIII:NML013W_2188	chrXIII:gML01_2195
FUM1	YMR209C_2355	-0.365176747064104	3.13899372009142	chrXIII:YML056C_2223	chrXIII:gMR09_2359
SAM4	gML01_2195	0.470802436461549	5.49580508029541	chrXIII:NML013W_2188	chrXIII:YML098W_2197
YPR004C	NML013W_2188	0.3842267147314	3.5032824583353297	chrXIII:YML120C_2184	chrXIII:YML098W_2197
CSR2	NML011W_2190	0.49558186985544206	6.181155575838809	chrXIII:NML013W_2188	chrXIII:gML01_2196
SRO7	YML108W_2192	0.42729305416777097	4.42149706710708	chrXIII:NML013W_2188	chrXIII:YML084W_2210
HTS1	YML106W_2193	0.42392668364045294	4.344747917194	chrXIII:YML121W_2182	chrXIII:YML096W_2202
SPE3	NML013W_2189	-0.410505830432901	4.04735281429135	chrXIII:NML013W_2188	chrXIII:YML083C_2212
RPN7	NML013W_2188	-0.36570274238412204	3.1487247314299904	chrXIII:YML121W_2182	chrXIII:YML096W_2202
MRD1	NML011W_2190	0.599277499820161	9.758238444980039	chrXIII:NML013W_2188	chrXIII:gML01_2196
ASN1	YML108W_2192	0.5068012057752371	6.51056275625595	chrXIII:NML013W_2188	chrXIII:gML01_2196
VMA2	NNL035W_2442	0.496903298768096	6.21931663478548	chrXIV:NNL035W_2442	chrXIV:YNL074C_2443
PGI1	NNL035W_2442	0.45248058372863204	5.02425204756513	chrXIV:NNL035W_2442	chrXIV:NNL035W_2442
RIB5	YNL046W_2449	0.409268131293074	4.02060639456127	chrXIV:YNL050C_2448	chrXIV:YNL020C_2469
CDC48	YNL074C_2443	0.569150424191785	8.58549246320151	chrXIV:NNL035W_2442	chrXIV:YNL074C_2443
RPL35A	YNL066W_2444	-0.41465432305787897	4.1378313115315	chrXIV:NNL035W_2442	chrXIV:NNL013C_2451
TFP1	NNL035W_2442	0.41492435792633603	4.14376533314237	chrXIV:YNL135C_2432	chrXIV:YNL074C_2443
PST1	gNL07_2446	-0.43019204325034605	4.488295219092111	chrXIV:YNL074C_2443	chrXIV:YNL020C_2469
TRM82	gNL07_2446	-0.40176385880736704	3.8608509968184603	chrXIV:YNL074C_2443	chrXIV:YNL007C_2471
TIM11	NNL035W_2442	-0.408139771517531	3.99632142194234	chrXIV:NNL035W_2442	chrXIV:gNL07_2447
RPS17A	gNL07_2446	-0.399103506486146	3.80519950436118	chrXIV:YNL074C_2443	chrXIV:YNL020C_2469
TIM9	YNL074C_2443	-0.5585341669980121	8.20052204830825	chrXIV:YNL074C_2443	chrXIV:YNL074C_2443
SNU13	NNL005C_2464	-0.397313837527346	3.7680484020003395	chrXIV:YNL074C_2443	chrXIV:YNL020C_2469
YEL048C	YNL066W_2444	0.474731431056516	5.60073528789263	chrXIV:YNL066W_2444	chrXIV:YNL046W_2449
YER156C	NNL035W_2442	-0.404832131667694	3.9256726140450096	chrXIV:YNL115C_2436	chrXIV:gNL07_2447
DUG1	YNL074C_2443	0.541212717507436	7.60156528182127	chrXIV:YNL074C_2443	chrXIV:YNL066W_2445
MNP1	NNL035W_2442	-0.464577702129163	5.332351994052179	chrXIV:NNL035W_2442	chrXIV:NNL035W_2442
RPL28	gNL07_2446	-0.413786957298086	4.118807892077971	chrXIV:NNL035W_2442	chrXIV:YNL050C_2448
KEM1	NNL035W_2442	0.541032936512615	7.595531194099141	chrXIV:NNL035W_2442	chrXIV:NNL035W_2442
GCN1	NNL035W_2442	0.46377852650556395	5.31161153641041	chrXIV:NNL035W_2442	chrXIV:YNL074C_2443
TOM20	YNL074C_2443	-0.41978535764693603	4.25152543865987	chrXIV:NNL035W_2442	chrXIV:gNL07_2447
UTP22	gNL07_2446	0.516718202073782	6.81218047372928	chrXIV:YNL066W_2444	chrXIV:YNL046W_2449
NSR1	YNL050C_2448	-0.4136635163364811	4.11610511151916	chrXIV:NNL035W_2442	chrXIV:NNL005C_2464
SLH1	YNL026W_2463	0.41109203306307	4.060060140028	chrXIV:YNL066W_2444	chrXIV:YNR042W_2482
COX6	YNL074C_2443	-0.45333114464366103	5.04550991270792	chrXIV:NNL038C_2437	chrXIV:YNL074C_2443
TIM44	NNL035W_2442	-0.40530222071445704	3.9356645096265	chrXIV:NNL035W_2442	chrXIV:YNL066W_2445
MAM33	NNL035W_2442	-0.514910976340696	6.75646771767921	chrXIV:NNL035W_2442	chrXIV:YNL074C_2443
VPS53	YNL135C_2432	0.43002888562770397	4.48451834245088	chrXIV:YNL142W_2430	chrXIV:YNL124W_2434
CYC1	YNL074C_2443	-0.414141062222182	4.12656746133154	chrXIV:YNL074C_2443	chrXIV:YNL074C_2443
MRT4	NNL035W_2442	-0.40421183286813295	3.91251265490842	chrXIV:YNL237W_2411	chrXIV:YNL074C_2443
RRP14	YNL074C_2443	0.45758852413238704	5.152827608152241	chrXIV:YNL074C_2443	chrXIV:YNL074C_2443
UBA1	NNL035W_2442	0.467590192971498	5.4110321974008	chrXIV:NNL035W_2442	chrXIV:YNL074C_2443
COX12	NNL035W_2442	-0.478239031394182	5.69557922900327	chrXIV:NNL035W_2442	chrXIV:NNL035W_2442
HSP60	NNL035W_2442	-0.42564545853098795	4.38382448438054	chrXIV:NNL035W_2442	chrXIV:gNL07_2447
APT1	YNL066W_2444	-0.41016116974608396	4.0398933755588295	chrXIV:NNL035W_2442	chrXIV:YNL020C_2469
POR1	YNL066W_2444	0.567120537237473	8.510796105797569	chrXIV:YNL066W_2444	chrXIV:YNL046W_2449
YNL134C	YNL135C_2432	0.47781932367677005	5.68417206079936	chrXIV:YNL142W_2430	chrXIV:YNL135C_2432
FPR1	YNL110C_2441	-0.46423636009682107	5.32348660925016	chrXIV:YNL124W_2433	chrXIV:YNL110C_2441
SEC21	YNL066W_2444	-0.4175678032688	4.20214462477458	chrXIV:YNL074C_2443	chrXIV:gNL07_2447
HSP10	NNL035W_2442	-0.441087254553929	4.74526832809636	chrXIV:NNL035W_2442	chrXIV:gNL07_2447
RPS7A	NNL008W_2457	-0.393771545110671	3.69519049125431	chrXIV:YNL074C_2443	chrXIV:YNL007C_2471
MRP51	NNL035W_2442	-0.40114605725627794	3.84788172521625	chrXIV:NNL035W_2442	chrXIV:YNL026W_2463
SSO1	YNL066W_2444	-0.42562662611450797	4.38339509204747	chrXIV:YNL074C_2443	chrXIV:gNL07_2447
SSA1	gOL02_2628	-0.547121584206711	7.80194357713002	chrXV:YOL088C_2624	chrXV:YOL080C_2632
HHF1	YOL111C_2605	-0.44888954312225	4.93516655768996	chrXV:YOL153C_2576	chrXV:YOL080C_2632
REB1	gOL02_2626	-0.43043781535283604	4.493988441944049	chrXV:YOL094C_2617	chrXV:YOL080C_2632
TPS1	gOL02_2626	-0.540556805429834	7.5795682393423	chrXV:gOL02_2625	chrXV:YOL080C_2632
SDS24	gOL02_2628	-0.510613966066217	6.62534412234883	chrXV:gOL02_2625	chrXV:YOL080C_2632
APE3	gOL02_2626	-0.42744622600028903	4.42501006136063	chrXV:gOL02_2625	chrXV:YOL080C_2632
GLK1	gOL02_2628	-0.521346954454741	6.956420652658651	chrXV:gOL02_2625	chrXV:YOL080C_2632
YCP4	YOL104C_2612	-0.41812829472472796	4.2145905465259705	chrXV:YOL111C_2605	chrXV:YOL080C_2632
RSA4	YOL088C_2624	-0.48975224635071596	6.01479490581008	chrXV:YOL093W_2620	chrXV:YOL080C_2632
GPD1	YOL081W_2629	-0.5188363408334471	6.87790815998924	chrXV:gOL02_2625	chrXV:YOL080C_2632
TMA17	gOL02_2625	-0.509479200337817	6.59102968512879	chrXV:YOL093W_2620	chrXV:YOL080C_2632
PST2	gOL02_2628	-0.48135410158102204	5.78074348208634	chrXV:gOL02_2625	chrXV:YOL080C_2632
TPS2	gOL02_2626	-0.584632278197354	9.17275725041095	chrXV:gOL02_2626	chrXV:YOL080C_2632
CPR1	gOL02_2627	-0.436206635053986	4.62898709031299	chrXV:gOL02_2625	chrXV:YOL080C_2632
SEC26	YOL081W_2629	-0.481408269534135	5.782232233305429	chrXV:gOL02_2625	chrXV:YOL080C_2632
HXT7	gOL02_2626	-0.47498150686019897	5.607460592380461	chrXV:YOL094C_2618	chrXV:YOL080C_2632
ATP17	YOL081W_2629	-0.41102779242220094	4.05866632832746	chrXV:YOL088C_2624	chrXV:YOL080C_2632
HSP31	YOL092W_2621	-0.619194631038021	10.604893042138801	chrXV:YOL111C_2605	chrXV:YOL088C_2624
HSP12	gOL02_2626	-0.5569956919496529	8.14588429400078	chrXV:YOL099C_2613	chrXV:YOL080C_2632
HXK1	gOL02_2626	-0.508095352998455	6.5493587831233	chrXV:gOL02_2625	chrXV:YOL080C_2632
PNC1	gOL02_2626	-0.46396355355355606	5.31640849627899	chrXV:YOL104C_2612	chrXV:YOL080C_2632
MNP1	gOL02_2628	-0.412601671656026	4.092902683965701	chrXV:YOL093W_2620	chrXV:YOL080C_2632
STF2	gOL02_2625	-0.49516979784295095	6.169289824239169	chrXV:gOL02_2625	chrXV:YOL080C_2632
PIL1	gOL02_2626	-0.58646479969216	9.24438237464968	chrXV:YOL111C_2605	chrXV:YOL080C_2632
CTT1	gOL02_2626	-0.47338867315249705	5.56472009236976	chrXV:YOL094C_2618	chrXV:YOL080C_2632
UTP22	gOL02_2628	-0.397546638999805	3.77286804480985	chrXV:YOL104C_2612	chrXV:YOL080C_2632
PHB2	gOL02_2627	-0.398095882699707	3.7842543218772597	chrXV:YOL093W_2620	chrXV:YOL080C_2632
ENO1	gOL02_2627	-0.40246759965948903	3.8756580487723	chrXV:YOL094C_2619	chrXV:YOL080C_2632
SLH1	YOL088C_2624	-0.46037787987284207	5.223973002625191	chrXV:YOL099C_2613	chrXV:YOL088C_2624
YHR087W	gOL02_2625	-0.4036321699530371	3.9002401647112994	chrXV:YOL094C_2617	chrXV:YOL080C_2632
YCK1	gOL02_2628	-0.46672198423823297	5.388275163081911	chrXV:YOL093W_2620	chrXV:YOL080C_2632
CIS3	YOL111C_2605	-0.49073476540134103	6.042607321086691	chrXV:YOL113W_2600	chrXV:YOL080C_2632
BFA1	YOL088C_2624	-0.4077919272898661	3.98885391842495	chrXV:YOL113W_2600	chrXV:YOL080C_2632
ATP7	YOL081W_2629	-0.406774503987845	3.96706301103594	chrXV:YOL113W_2600	chrXV:YOR334W_2789
UGP1	gOL02_2626	-0.4694606605685929	5.460284410059401	chrXV:gOL02_2625	chrXV:YOL080C_2632
YNK1	gOL02_2625	-0.516558767374706	6.8072519012280095	chrXV:gOL02_2625	chrXV:YOL080C_2632
MDH1	gOL02_2628	-0.44394433596754795	4.8142296207817	chrXV:gOL02_2625	chrXV:YOL080C_2632
CWP1	gOL02_2626	-0.472810127417389	5.54925205907333	chrXV:YOL111C_2605	chrXV:YOL080C_2632
YKL133C	gOL02_2626	-0.42078945865422496	4.27400773495277	chrXV:YOL099C_2613	chrXV:YOL080C_2632
PIR1	YOL089C_2622	-0.457498892261984	5.15055243530774	chrXV:YOL113W_2600	chrXV:YOL088C_2624
HSP104	gOL02_2628	-0.545819635792709	7.757447720049231	chrXV:gOL02_2626	chrXV:YOL080C_2632
GSY2	gOL02_2628	-0.50596416905722	6.485559101470809	chrXV:YOL093W_2620	chrXV:YOL080C_2632
TAL1	YOL104C_2612	-0.5181019465452791	6.8550664866335795	chrXV:YOL113W_2600	chrXV:YOL080C_2632
CAR2	YOL140W_2592	0.42651515573837495	4.40368407277529	chrXV:NOL043W_2577	chrXV:YOL130W_2593
YMR031C	YOL081W_2629	-0.558926672735723	8.21450758220834	chrXV:YOL088C_2624	chrXV:YOL080C_2632
YMR090W	gOL02_2628	-0.512511020804972	6.68300083933231	chrXV:gOL02_2626	chrXV:YOL080C_2632
PGM2	gOL02_2626	-0.5601632378413349	8.25869092381	chrXV:gOL02_2625	chrXV:YOL080C_2632
POM152	YOL081W_2629	-0.48111087034222	5.774061828046791	chrXV:gOL02_2625	chrXV:YOL080C_2632
SCS7	YOL093W_2620	-0.401959047053275	3.86495425474456	chrXV:YOL164W_2538	chrXV:YOL080C_2632
PBI2	gOL02_2626	-0.399890056384941	3.82160004278565	chrXV:gOL02_2625	chrXV:YOL080C_2632
YNL022C	YOR186W_2752	-0.558085233988886	8.184548889348319	chrXV:YOR186W_2752	chrXV:NOR043C_2759
YNL134C	YOL123W_2595	-0.418309080291941	4.21861002688433	chrXV:NOL043W_2577	chrXV:YOL080C_2632
YGP1	gOL02_2626	-0.584366425264386	9.162404221589949	chrXV:gOL02_2625	chrXV:YOL080C_2632
GOR1	gOL02_2625	-0.4679980051201729	5.42174432635705	chrXV:gOL02_2625	chrXV:YOL080C_2632
ADH1	YOL094C_2619	-0.417795547988137	4.2071989158546	chrXV:YOL140W_2592	chrXV:YOL073C_2633
ZEO1	YOL093W_2620	0.49843080926200606	6.2636389383847	chrXV:YOL117W_2599	chrXV:YOL080C_2632
ZPS1	NOL046W_2575	0.40950569584920293	4.02573132524635	chrXV:YOL166C_2489	chrXV:YOL140W_2592
YOR051C	YOR059C_2694	0.407380401879761	3.98003080990451	chrXV:YOR040W_2671	chrXV:YOR063W_2695
IDH2	NOR011W_2735	0.452751541963428	5.03101747319293	chrXV:YOR121C_2729	chrXV:YOR136W_2739
HEM15	gOL02_2626	-0.511247607201626	6.644561596790039	chrXV:gOL02_2625	chrXV:YOL080C_2632
YOR285W	NOR061W_2775	-0.678644263539366	13.5367912612274	chrXV:NOR061W_2775	chrXV:NOR062C_2778
LSP1	gOL02_2626	-0.485152999104144	5.88580611826618	chrXV:YOL093W_2620	chrXV:YOL080C_2632
NCE102	YOL093W_2620	-0.500376283021763	6.32041655683563	chrXV:YOL113W_2600	chrXV:YOL080C_2632
RHO1	gOL02_2628	-0.54588673935953	7.75973628175192	chrXV:YOL088C_2624	chrXV:YOL080C_2632
EHT1	YPL027W_2852	-0.46948346335903207	5.4608867391535	chrXVI:YPL027W_2850	chrXVI:YPL027W_2852
CYS4	NPL002C_2838	0.489352405224993	6.003502530497579	chrXVI:YPL065W_2834	chrXVI:YPL055C_2841
HAM1	gPL05_2831	0.46139283146538207	5.25002534948988	chrXVI:gPL05_2831	chrXVI:NPL002C_2838
UTP13	YPL114W_2828	0.47531485149306496	5.616433968824571	chrXVI:YPL114W_2828	chrXVI:YPL095C_2830
RAX1	YPL234C_2807	-0.835910870206484	26.3139640426932	chrXVI:YPL234C_2807	chrXVI:gPL03_2809
GLR1	YPL095C_2830	-0.7454025014158921	17.7886388147087	chrXVI:YPL095C_2829	chrXVI:YPL095C_2830
YOP1	YPR026W_2867	-0.459382107034905	5.198498644997731	chrXVI:YPL021W_2853	chrXVI:YPR027C_2869
CLB5	YPL021W_2853	0.43517380928452204	4.604623996726589	chrXVI:NPL002C_2838	chrXVI:YPL009C_2858
