SNP	gene	p.value	FDR	q.value
EEB1	GLR1	5.3871209418703404e-17	3.63971783770174e-12	3.4665677548063598e-12
YLR257W	ACS2	1.10083195134886e-14	4.3385920064564496e-10	4.13219480780942e-10
gPL05	GLR1	1.9628412013086104e-14	6.630803549862859e-10	6.315360365660759e-10
RED1	ACS2	6.668549753550241e-14	1.80219748184614e-09	1.7164626371988003e-09
GSY2	ACS2	1.35176220491466e-13	3.2784964636897803e-09	3.12253054551339e-09
VPS63	ACS2	2.0462812399733601e-13	4.5012786048699104e-09	4.28714201562799e-09
NPL010C	GLR1	9.15270580882423e-13	1.5740765205524398e-08	1.4991939356459598e-08
gCL01	FKH1	4.32275532263516e-12	5.84119414640535e-08	5.56331457008721e-08
LEU2	FKH1	5.48496830882822e-12	7.107065035956769e-08	6.768964953754839e-08
YPL114W	GLR1	7.51604005909409e-12	9.47909443380841e-08	9.028151239809751e-08
THP2	SOL3	8.09073567070901e-12	1.00038139163295e-07	9.527908561540769e-08
MTG2	SOL3	8.09073567070901e-12	1.00038139163295e-07	9.527908561540769e-08
NEJ1	ACS2	1.61031749257749e-11	1.7463374180320102e-07	1.66325997022456e-07
YHR177W	SOL3	2.4188306749414103e-11	2.39574793844289e-07	2.28177647894104e-07
YCL022C	FKH1	4.005465429138221e-11	3.67149945399001e-07	3.4968374435935804e-07
BUD3	FKH1	4.01739736731591e-11	3.67149945399001e-07	3.4968374435935804e-07
YLR271W	ACS2	9.859546469570141e-11	7.707447852635591e-07	7.340786123868609e-07
PRP8	SOL3	1.50970704138737e-10	1.09847039184866e-06	1.0462135280235202e-06
NLR116W	ACS2	1.7102634251277701e-10	1.20164651352742e-06	1.1444813148208099e-06
ILV6	FKH1	1.7658733478601003e-10	1.2327053582661801e-06	1.17406261602983e-06
GRX8	TAL1	1.83349123282909e-10	1.2752019154421998e-06	1.21453751033914e-06
NIT3	TAL1	1.8722929197559601e-10	1.2926836473304701e-06	1.23118759442926e-06
STE11	TAL1	2.01390015680537e-10	1.37044674148927e-06	1.3052513122077499e-06
YCL023C	FKH1	3.0046424766242603e-10	1.9600350041141104e-06	1.86679145102195e-06
YLR365W	TAL1	3.1121964169413e-10	2.01629080557065e-06	1.9203710294524504e-06
YLR269C	ACS2	3.48205828399006e-10	2.21793395490866e-06	2.11242153189309e-06
YPL071C	GLR1	3.55189595276205e-10	2.2482499264703603e-06	2.14129530017887e-06
gCL01	RPP1	3.56530608028082e-10	2.2482499264703603e-06	2.14129530017887e-06
RNY1	GLR1	5.081982370934129e-10	3.0715517686291302e-06	2.92543070456021e-06
PIG1	ACS2	7.87600695104734e-10	4.48783653548304e-06	4.274339417632141e-06
gCL01	ADE3	8.496811545181859e-10	4.7982204976905404e-06	4.56995767239141e-06
ORM2	TAL1	9.00062827393049e-10	5.05256544559593e-06	4.81220282279117e-06
MDM30	TAL1	9.712906488545082e-10	5.4202401907240096e-06	5.16238640090129e-06
LEU2	RPP1	1.06223198405711e-09	5.77443042291859e-06	5.49972695660998e-06
YLR366W	TAL1	1.69659198830177e-09	8.49091776583496e-06	8.08698449941982e-06
YSH1	ACS2	1.84944980532841e-09	9.04066978443295e-06	8.61058349961454e-06
NLR127C	TAL1	1.97119294365013e-09	9.492959972301229e-06	9.04135716147333e-06
MCM5	ACS2	2.15607900745343e-09	1.0171601127599e-05	9.68771373386228e-06
BOP2	ACS2	2.29922693766967e-09	1.06608221606769e-05	1.0153661352294099e-05
RPM2	RRP12	2.58069577886149e-09	1.15689350608155e-05	1.10185731497789e-05
YML089C	RRP12	2.58069577886149e-09	1.15689350608155e-05	1.10185731497789e-05
ALO1	RRP12	2.58069577886149e-09	1.15689350608155e-05	1.10185731497789e-05
YCL023C	RPP1	3.06946180035623e-09	1.32337164302159e-05	1.2604156887668301e-05
YCL022C	RPP1	3.6356186027733706e-09	1.53238939350303e-05	1.45948996493618e-05
LEU2	ADE3	3.77743262157313e-09	1.57552246919322e-05	1.5005710970515198e-05
AGP1	FKH1	3.8553615882740604e-09	1.59594506738161e-05	1.52002214339801e-05
AGP1	RPP1	4.00697106031239e-09	1.6478868834087697e-05	1.56949296300405e-05
UBP5	CDC24	4.1413832047886795e-09	1.6994700497771602e-05	1.6186221947733898e-05
YML083C	RRP12	4.46437592941345e-09	1.79693315853495e-05	1.71144875033856e-05
NBR034W	YOX1	4.84171137134825e-09	1.8963600095465e-05	1.8061456282416603e-05
NBR035W	YOX1	4.84171137134825e-09	1.8963600095465e-05	1.8061456282416603e-05
NML011W	RRP12	4.8676055878997896e-09	1.9025629805450303e-05	1.8120535090737303e-05
AGP1	ADE3	5.04011786848014e-09	1.95785603704482e-05	1.86471614262773e-05
RPB5	YOX1	5.471613994086279e-09	2.07852442177401e-05	1.9796440436847304e-05
NML013W	CDC7	5.49226720168594e-09	2.0821889380631302e-05	1.9831342301693104e-05
NML007W	RRP12	6.75673984004859e-09	2.4965269526227104e-05	2.37776119437642e-05
RTC2	YOX1	7.11445481145763e-09	2.5932434531860603e-05	2.4698766596846698e-05
VPS28	GLR1	7.69902823820531e-09	2.76372177367635e-05	2.63224491872487e-05
MLF3	CDC48	7.80025259868012e-09	2.79475516275812e-05	2.66180197526339e-05
NML013W	RRP12	8.549921965685409e-09	3.03461754724026e-05	2.8902535324208504e-05
RTC2	BMH1	1.05799973273237e-08	3.58690919066365e-05	3.41627134141383e-05
gCL01	CDC7	1.12421207997285e-08	3.76416647640084e-05	3.58509607411044e-05
YML079W	RRP12	1.1458551101876e-08	3.82310010470004e-05	3.64122608875596e-05
NML011W	CDC7	1.16354603105571e-08	3.8684797290129206e-05	3.6844468958027896e-05
NBR031C	YOX1	1.28944601440389e-08	4.20575716380499e-05	4.00567923633286e-05
SLI15	BMH1	1.3143908777057902e-08	4.25775543474336e-05	4.05520382515495e-05
NNL035W	CDC48	1.47407469011257e-08	4.663235282171121e-05	4.44139402642739e-05
STP3	TAL1	1.66228018305986e-08	5.17213284333505e-05	4.9260821134425e-05
RPB5	BMH1	1.7327718562984698e-08	5.2947232507528794e-05	5.0428406019718395e-05
gCL01	LYS21	1.84611623514667e-08	5.526001342582479e-05	5.26311624180984e-05
MCP2	ACS2	1.9206886146688403e-08	5.6906948699272305e-05	5.4199749041503296e-05
URA5	RRP12	2.0683674028524096e-08	6.038397541352329e-05	5.7511365278720607e-05
SLI15	MSS4	2.12964648256886e-08	6.19816571579807e-05	5.9033041481312e-05
YML096W	RRP12	2.22075193856392e-08	6.394457468908511e-05	6.0902578330620997e-05
URA5	CDC7	2.62496689058635e-08	7.378664917541171e-05	7.027644179368721e-05
YCL022C	ADE3	2.71744247240269e-08	7.60654282656842e-05	7.24468139123274e-05
YML084W	RRP12	2.90654908970869e-08	8.003684266499971e-05	7.62292986299708e-05
YML108W	RRP12	3.16209552813964e-08	8.59478009131509e-05	8.18590584566245e-05
YCL023C	ADE3	3.2727656264444305e-08	8.83213929734045e-05	8.41197330654933e-05
NBR034W	BMH1	3.29384971230577e-08	8.84379066129989e-05	8.423070387257879e-05
NBR035W	BMH1	3.29384971230577e-08	8.84379066129989e-05	8.423070387257879e-05
LEU2	CDC7	3.62138067275873e-08	9.59500025132606e-05	9.138543140368409e-05
SLI15	YOX1	3.93867559625979e-08	0.00010192996099539201	9.70809089581552e-05
LEU2	TOR1	4.03398977749455e-08	0.000103969931108177	9.90238328135423e-05
TAF13	RRP12	4.06023554863711e-08	0.000104391246937245	9.94251056409319e-05
VPS9	RRP12	4.50359585347367e-08	0.000112802124095875	0.00010743585725626999
YLR252W	ACS2	5.44575023189095e-08	0.00013024176047326201	0.00012404584841964398
NML009C	RRP12	5.5723698734134605e-08	0.000131839297112483	0.000125567386420002
CWC27	GLR1	5.6246780578405405e-08	0.00013241756864413202	0.000126118148191799
ILV6	RPP1	5.81010192256078e-08	0.000135467413489525	0.00012902290462338002
UFO1	RRP12	5.8412780107118795e-08	0.0001359209351311	0.000129454851155748
NBR031C	RAD54	5.9174767894251395e-08	0.000137187779636779	0.000130661428838295
YML108W	CDC7	6.45083602204369e-08	0.000145470259763125	0.00013854989157527099
YBR144C	BMH1	6.58628040632662e-08	0.00014833032670378302	0.000141273898290948
MAK5	BMH1	6.857706615573571e-08	0.000152626167261923	0.000145365375439089
RPB5	RAD54	7.10751778846987e-08	0.000157077222537932	0.00014960468336973302
LEU2	LYS21	8.12313851538913e-08	0.000174825189063404	0.000166508336678593
MAK5	YOX1	8.14139214984632e-08	0.000175018930130582	0.000166692861019822
NBR034W	RAD54	8.16942696534122e-08	0.000175024930447389	0.00016669857588720702
NBR035W	RAD54	8.16942696534122e-08	0.000175024930447389	0.00016669857588720702
AGP1	DPS1	8.209555714832241e-08	0.000175685699585015	0.00016732791065655
gML01	CDC7	8.324718931522348e-08	0.000177547672009502	0.000169101304599401
gCL01	TOR1	8.51318243427106e-08	0.000180549424587761	0.00017196025662802
gCL01	RPS31	8.80461288586527e-08	0.000185276183903582	0.00017646215269788201
YCL026C	WTM1	9.26659286096456e-08	0.000193277730720678	0.000184083046795056
YCL022C	CDC7	1.02243429255599e-07	0.000209784554114048	0.000199804601119133
MTC6	SOL3	1.03122452243929e-07	0.000211130163256335	0.000201086196416139
NML011W	MDN1	1.1365361396718599e-07	0.00022970816052942901	0.000218780393924715
LEU2	RPS31	1.15005531209427e-07	0.000231697932686529	0.00022067550786123197
ILV6	CDC7	1.26295430010613e-07	0.00024784469348285	0.000236054128627187
NHR019C	SOL3	1.3027640722889198e-07	0.000254075659518167	0.00024198867270518702
gOL02	HSP104	1.41075712129057e-07	0.000271956166936652	0.00025901856161977203
REX4	HSP104	1.41075712129057e-07	0.000271956166936652	0.00025901856161977203
ILV6	ADE3	1.4448110643361302e-07	0.00027664519854376	0.00026348452477826097
NBR031C	BMH1	1.4779755760719e-07	0.000281854263051639	0.000268445781628633
NML013W	LYS21	1.49248635176509e-07	0.000282910359031833	0.00026945163659711403
SLI15	BMH2	1.50654572372835e-07	0.00028415179695062405	0.000270634016344877
RPB5	MSS4	1.5389066384714902e-07	0.000288808656172554	0.0002750693376355
YHR145C	SOL3	1.59221742510431e-07	0.000295305287739397	0.000281256908900282
YCL026C	ADE3	1.72692176542353e-07	0.000312029032372548	0.000297185065001937
gOL02	SSA1	1.92214013200513e-07	0.00033794171040369303	0.000321865014962061
REX4	SSA1	1.92214013200513e-07	0.00033794171040369303	0.000321865014962061
YCL026C	RPP1	1.9894846167361102e-07	0.00034752107865712996	0.00033098866975606804
YCL022C	LYS21	1.9968770103036802e-07	0.000348169402065735	0.000331606150869487
AGP1	WTM1	2.03993410490763e-07	0.00035433691196568197	0.000337480257572248
NPL002C	GLR1	2.11125281093319e-07	0.000363091914899773	0.000345818764076842
NBR031C	MSS4	2.1267008482439101e-07	0.000364208421093655	0.000346882155400656
BUD3	RPP1	2.1273710181321302e-07	0.000364208421093655	0.000346882155400656
YBR144C	YOX1	2.25992145707768e-07	0.000381719499519662	0.000363560189943525
BUD3	ADE3	2.28658332925561e-07	0.000385191149112723	0.000366866684862068
gBR08	YOX1	2.3125139124260802e-07	0.000387146139969206	0.000368728672127626
NML011W	LYS21	2.31600091071755e-07	0.000387387090262677	0.00036895815983933997
URA5	MDN1	2.35104482232048e-07	0.000391173537084933	0.000372564476329963
NBR034W	MSS4	2.3622510474060603e-07	0.000391379926655872	0.000372761047455378
NBR035W	MSS4	2.3622510474060603e-07	0.000391379926655872	0.000372761047455378
YCL026C	FKH1	2.3896525503909604e-07	0.000395164350892548	0.00037636543757965603
YCL022C	TOR1	2.45090593043343e-07	0.000401433564046221	0.00038233640926911203
IRA2	HSP104	2.5513386390260103e-07	0.000414296442160185	0.000394587369506191
EXO5	YOX1	2.6882884830629e-07	0.000432335367967937	0.000411768140468366
UBS1	YOX1	2.6882884830629e-07	0.000432335367967937	0.000411768140468366
NER037W	CDC24	2.8622179870184196e-07	0.00045274174422928095	0.000431203736603668
NML011W	ADE3	2.8728408152094003e-07	0.000453968112356228	0.000432371763465629
URA5	LYS21	2.91646072002916e-07	0.000457794057730745	0.000436015699467912
YML108W	MDN1	3.2216274112743395e-07	0.0004942893554508269	0.000470774828587212
gCL01	CSR2	3.23845175032719e-07	0.000496066039115118	0.00047246699116018095
SLI15	RAD54	3.5303041762281794e-07	0.000528783382610904	0.000503627892373618
gML01	RRP12	3.6649186662768703e-07	0.0005433703678372019	0.000517520939824036
YCL023C	CDC7	3.6867922320274e-07	0.000546029404625744	0.0005200534798727509
IRA2	SSA1	3.7829603874097295e-07	0.00055562906218721	0.000529196458763878
CSH1	BMH1	3.81393157148957e-07	0.000559309517115623	0.0005327018256485559
ILV6	LYS21	3.86412317305651e-07	0.000564918383884284	0.0005380438652099309
YCL022C	RPS31	4.0065275312556206e-07	0.000579911293602604	0.000552323526353409
gCL01	DPS1	4.07451889697891e-07	0.000587953076834057	0.000559982742722472
ILV6	RPS31	4.13628271007304e-07	0.000595002269469272	0.000566696588404006
YCL026C	GSP1	4.3249573727757204e-07	0.000616566509718767	0.000587234966168201
TCB3	RRP12	4.4821455432053396e-07	0.0006327762627392691	0.000602673582467569
COG8	RRP12	4.4821455432053396e-07	0.0006327762627392691	0.000602673582467569
AGP1	GSP1	4.6498840424911394e-07	0.0006511121454267651	0.000620137183360468
BUD3	CDC7	5.110885775858611e-07	0.000702662479422483	0.000669235144671638
LEU2	CSR2	5.22761284043209e-07	0.000711983932756137	0.000678113154175468
NJR015C	SOD1	5.54208573328375e-07	0.000746749868512207	0.0007112251912156151
ILV6	TOR1	5.556228012936611e-07	0.0007475904791406219	0.00071202581198589
gER03	CDC24	5.58551566555896e-07	0.0007499309955416241	0.0007142549844237281
URA5	ADE3	5.7707570659142e-07	0.000765565386175014	0.000729145609700874
YCL026C	DPS1	6.33743975319998e-07	0.000821727033189197	0.000782635512841035
CSH1	YOX1	6.72183287229435e-07	0.00086504639036183	0.00082389406458317
NGL3	CDC7	7.272589426188041e-07	0.0009233616319830891	0.0008794351106840519
NML013W	RPP1	7.296257735098501e-07	0.0009253476769728109	0.000881326674763457
gCL01	NTG2	7.391291782236901e-07	0.000934668865558666	0.000890204432114175
YCL023C	WTM1	7.41259146019193e-07	0.000936736164624026	0.000892173384818498
YJR107W	SOD1	7.599545660947009e-07	0.000955891974311616	0.0009104179068230221
ABM1	SOD1	7.599545660947009e-07	0.000955891974311616	0.0009104179068230221
YCL023C	DPS1	7.94238781222504e-07	0.0009894135495199222	0.000942344780522882
RPB5	BMH2	8.161812639194499e-07	0.00101049062708684	0.0009624191710984881
SAK1	CDC24	8.20979238421302e-07	0.0010150021393895699	0.00096671605997049
KAP95	TAL1	8.52826982130137e-07	0.00104559627897944	0.0009958547631660289
RTC2	MSS4	8.741315730924271e-07	0.00106618859343893	0.0010154674519746699
PGI1	TIF6	8.844321340748501e-07	0.00107528588147505	0.00102413196026032
TAF5	TIF6	8.844321340748501e-07	0.00107528588147505	0.00102413196026032
YCL026C	LYS21	9.80462760093648e-07	0.00116362169200166	0.00110826542500153
NML013W	ADE3	9.92723264701099e-07	0.00117302127959612	0.0011172178517325
KTR4	TIF6	9.99395999256707e-07	0.00117943254379405	0.00112332411675828
YML108W	ADE3	1.02001661199066e-06	0.00120077155327655	0.00114364797852177
gCL01	WTM1	1.0246311651838101e-06	0.00120395625667905	0.00114668117796635
gBR08	BMH1	1.04091079044527e-06	0.00121703765684365	0.0011591402646374599
gCL01	GSP1	1.04575622901489e-06	0.00121962292194755	0.0011616025424970198
YML108W	LYS21	1.04579633045117e-06	0.00121962292194755	0.0011616025424970198
gLR07	ACS2	1.04634541370496e-06	0.00121962292194755	0.0011616025424970198
AGP1	LYS21	1.0531944877937e-06	0.0012260953204658199	0.0011677670335373
NTC20	TIF6	1.06565123669794e-06	0.00123603325383309	0.00117723219564508
RIM2	TIF6	1.06565123669794e-06	0.00123603325383309	0.00117723219564508
LEU2	WTM1	1.0750938402761e-06	0.00124622150704696	0.00118693576928564
gML01	THP1	1.0803678156080099e-06	0.00124850987393782	0.00118911527309026
NBR038W	TIF6	1.08972274910683e-06	0.00125548603790869	0.0011957595642556802
YCL023C	GSP1	1.09341750190342e-06	0.0012589760851055	0.00119908358155996
URA8	SOD1	1.1118361130055099e-06	0.00127550519714465	0.00121482636420563
gML01	MDN1	1.13380103106998e-06	0.00129314310291395	0.0012316251926117198
LEU2	DPS1	1.13402845253328e-06	0.00129314310291395	0.0012316251926117198
BUD3	LYS21	1.22528194844369e-06	0.00137319627218789	0.0013078700411548
EXO5	BMH1	1.23393029550532e-06	0.00138043525542223	0.00131476464864272
UBS1	BMH1	1.23393029550532e-06	0.00138043525542223	0.00131476464864272
LEU2	NTG2	1.24972527896459e-06	0.00139562959867927	0.0013292361606497
MAK5	MSS4	1.25913966244773e-06	0.0014020049538833	0.00133530822495831
NDI1	CDC7	1.32804164048732e-06	0.00145728150716335	0.00138795514039021
BUD3	RPS31	1.42145638590275e-06	0.00153349381925708	0.00146054185051557
NML011W	RPP1	1.4949293844693898e-06	0.0015977779923422699	0.00152176787173435
YCL022C	WTM1	1.59050810047387e-06	0.00168281894896966	0.00160276322665685
NBR034W	BMH2	1.60470793168706e-06	0.00169499896038605	0.00161436380579842
NBR035W	BMH2	1.60470793168706e-06	0.00169499896038605	0.00161436380579842
SML1	RRP12	1.63346350082556e-06	0.00172231801106147	0.0016403832238924198
SLI15	YCK1	1.63421342299279e-06	0.00172231801106147	0.0016403832238924198
AGP1	CDC7	1.6517792227174801e-06	0.00173696016425676	0.00165432881483959
BUD3	TOR1	1.70034637354391e-06	0.00177520384112488	0.00169075314852914
ILV6	CDC34	1.8244098161640098e-06	0.00187738621500209	0.00178807446248462
NML013W	NTG2	1.82699933967704e-06	0.00187738621500209	0.00178807446248462
YCL022C	CSR2	1.8550691267616502e-06	0.00189695658764393	0.0018067138256921101
gCL01	CDC34	1.8714526244706798e-06	0.0019044451564027899	0.0018138461453242
RPB5	YCK1	1.88005635802636e-06	0.0019109674401995	0.0018200581484809199
RTC2	RAD54	1.90927250639947e-06	0.00193359332258178	0.0018416076635224602
CTF3	TAL1	1.91900216132148e-06	0.0019423844171908102	0.00184998054473468
YBR162W	YOX1	1.93966176315619e-06	0.00196014944052953	0.0018669004434233802
NML011W	THP1	1.96866195603437e-06	0.00198309985865443	0.00188875905526603
YCL023C	SMC3	2.0201993103585096e-06	0.00201875759455543	0.00192272046738525
NML013W	MDN1	2.03937842324247e-06	0.00203016068587914	0.0019335810863811602
AGP1	SMC3	2.0733761770466e-06	0.00205789982716683	0.00196000061037223
gCL01	CTK1	2.1075201461747503e-06	0.0020854272198891897	0.00198621845918369
gCL01	MMS2	2.1077247875025904e-06	0.0020854272198891897	0.00198621845918369
RTC2	BMH2	2.14134431299353e-06	0.00211206327165001	0.00201158737025502
YCL022C	DPS1	2.15074207282185e-06	0.00212022708875894	0.0020193628150581397
gCL01	MDN1	2.15589726618388e-06	0.0021242022077815	0.00202314882816123
MDM10	SSA1	2.1752724702375e-06	0.00213858756583643	0.00203684984032708
NAL001C	SSA1	2.1752724702375e-06	0.00213858756583643	0.00203684984032708
ECM31	TIF6	2.21243853983545e-06	0.0021641321064219897	0.0020611791660204
SPO7	SSA1	2.21957944324225e-06	0.00216999507084275	0.00206676321520082
NBR041W	TIF6	2.3085811793831298e-06	0.00223990025411975	0.0021333428417124396
ILV6	CSR2	2.31767341390959e-06	0.00224731521642849	0.0021404050565292897
NML013W	FKH1	2.31888883707843e-06	0.00224734185040286	0.0021404304234618
TYR1	YOX1	2.35796899617764e-06	0.0022770505777467897	0.00216872583558964
NJR013W	SOD1	2.38918685119614e-06	0.00230249576008552	0.0021929605297455698
YJR079W	SOD1	2.38918685119614e-06	0.00230249576008552	0.0021929605297455698
NML013W	CDC34	2.4407534555076e-06	0.0023426440825905603	0.00223119890052362
YLR236C	ACS2	2.44665054640757e-06	0.00234473528071382	0.00223319061535051
NBR044W	TIF6	2.52207466305807e-06	0.0024036235524218397	0.00228927743112637
FIP1	SOD1	2.56701229788681e-06	0.00243785369267581	0.00232187916173795
IME1	SOD1	2.56701229788681e-06	0.00243785369267581	0.00232187916173795
JJJ3	SOD1	2.56701229788681e-06	0.00243785369267581	0.00232187916173795
AGP1	TOR1	2.57641602284114e-06	0.0024443301247634103	0.00232804749446103
IRA1	YOX1	2.61028761701888e-06	0.00246780191709678	0.00235040267749405
NBR034W	YCK1	2.6232391072376302e-06	0.00247633379022767	0.00235852866901385
NBR035W	YCK1	2.6232391072376302e-06	0.00247633379022767	0.00235852866901385
NAL002C	SSA1	2.6926777350091703e-06	0.00252675349047197	0.00240654978352537
YBR139W	YOX1	2.73297434378669e-06	0.0025594886501328603	0.00243772765334632
URA5	THP1	2.74244652213532e-06	0.0025662111929558398	0.00244413038872846
URA5	RPP1	2.92921228706035e-06	0.0027044434924007	0.00257578664706931
FKS1	TAL1	2.9698880844703e-06	0.00273000684704695	0.00260013389179347
gML01	ADE3	2.98466764143688e-06	0.00274092896021552	0.00261053641391546
LCL1	GLR1	2.98823237753195e-06	0.00274287109633224	0.00261238615797197
gOL02	GPD1	3.0253392143146e-06	0.0027715520781993104	0.00263970271693341
REX4	GPD1	3.0253392143146e-06	0.0027715520781993104	0.00263970271693341
LEU2	MMS2	3.08226307669542e-06	0.00281824169520992	0.00268417119719215
ILV6	MMS2	3.10191880734284e-06	0.0028307410747339104	0.0026960759513365803
PCH2	YOX1	3.1732518998177996e-06	0.00288055291088005	0.00274351811929896
gJR12	SOD1	3.20760061217928e-06	0.00290198576418184	0.00276393136050681
LEU2	GSP1	3.23444606389084e-06	0.0029123454229533397	0.00277379818553266
YCL022C	GSP1	3.25854292300842e-06	0.0029326467750182697	0.00279313375372376
YCL022C	MMS2	3.26815261885012e-06	0.0029398967590204303	0.0028000388386466603
CSH1	TIF6	3.28394668188892e-06	0.00294884974696403	0.00280856591154033
PIF1	RRP12	3.4081135184498102e-06	0.0030312069276626	0.0028870051641739104
IRA2	TAL1	3.52256649990336e-06	0.0031168831595985397	0.0029686055728391
LEU2	CDC34	3.56865941540059e-06	0.00314883093668406	0.00299903351775703
NBR043C	TIF6	3.57678624555616e-06	0.0031530604129145	0.00300306178768727
TYR1	BMH1	3.5803908423156897e-06	0.00315476792032607	0.00300468806488731
YML108W	RPP1	3.6485967794230302e-06	0.00320590658392914	0.00305339393995103
YBR174C	YOX1	3.66536763313143e-06	0.00321765360716099	0.0030645821291916103
YCL023C	LYS21	3.8425793926968e-06	0.0033375977711020198	0.0031788202623755
gCL01	THP1	3.85762202375209e-06	0.0033445211680749602	0.00318541429679529
LEU2	MDN1	3.872060920579899e-06	0.00334936456511577	0.00319002728185459
NML011W	FKH1	3.9158645646092e-06	0.00337798762197193	0.00321728867143643
CSN12	SOD1	3.92884985477266e-06	0.0033814795615618102	0.0032206144911081
EMC2	SOD1	3.92884985477266e-06	0.0033814795615618102	0.0032206144911081
YLR235C	ACS2	4.00094563228257e-06	0.00342520513471661	0.00326225993416656
URA5	NTG2	4.04563109137783e-06	0.00345777995470266	0.0032932850920545102
BNA2	SOD1	4.04674599949977e-06	0.00345777995470266	0.0032932850920545102
NML013W	RAD54	4.056817695363289e-06	0.00346325730235131	0.00329850186917498
NML011W	CDC34	4.072710248507711e-06	0.00347368948825527	0.00330843777104413
SHE10	TRX1	4.11048397355749e-06	0.0034964490099410003	0.0033301145678478
MTC3	TRX1	4.11048397355749e-06	0.0034964490099410003	0.0033301145678478
NML011W	NTG2	4.20960973962442e-06	0.0035617583117384	0.00339231694995409
gOL02	TAL1	4.21173858774747e-06	0.0035617583117384	0.00339231694995409
REX4	TAL1	4.21173858774747e-06	0.0035617583117384	0.00339231694995409
YLR269C	YMR226C	4.21931875693326e-06	0.00356657430865054	0.00339690383837438
YBR162W	BMH1	4.32191027884425e-06	0.00363704322684164	0.00346402038158192
MED8	TIF6	4.3397300249063e-06	0.0036439343490488603	0.00347058367662378
LEU2	CTK1	4.3886230485652e-06	0.0036793293236383204	0.0035042948276155
NBR031C	BMH2	4.39188525534934e-06	0.0036793293236383204	0.0035042948276155
LGE1	GLR1	4.39549791197073e-06	0.0036793293236383204	0.0035042948276155
YCL022C	NTG2	4.54896414643799e-06	0.0037893472259795	0.00360907891520515
gBR07	YCK1	4.5805459562389e-06	0.00381062144471061	0.00362934106846826
PCH2	TIF6	4.59865725952654e-06	0.0038203686616381603	0.0036386245869735
NBR031C	YCK1	4.7914503769348e-06	0.00394079253832065	0.00375331961181638
STE50	WTM1	4.87320088743196e-06	0.0039891777855559606	0.00379940305711449
IRA2	YDL124W	4.9798937056643795e-06	0.0040554577939069395	0.00386252996694189
NML013W	THP1	5.09420945043887e-06	0.00412370042562477	0.00392752613344845
EXO5	TIF6	5.10888459208091e-06	0.00412711517337768	0.003930778433483471
UBS1	TIF6	5.10888459208091e-06	0.00412711517337768	0.003930778433483471
gML01	FKH1	5.1531715124432405e-06	0.00415173042912	0.00395422268263618
gCL01	ISW2	5.1551717769536205e-06	0.00415173042912	0.00395422268263618
URA5	FKH1	5.21470731480552e-06	0.0041889777074529	0.00398969801885199
YBR139W	BMH1	5.26093091769801e-06	0.00422062906389756	0.00401984364456791
YML108W	NTG2	5.36165836366737e-06	0.00428002527713412	0.00407641423787893
BUD3	CDC34	5.52656022952822e-06	0.00437094700047269	0.0041630105973747295
MCM7	TIF6	5.5737147575231595e-06	0.00439891659907546	0.00418964961527521
gCL01	CDC45	5.58844551195505e-06	0.00440502930478656	0.004195471524955471
IRA1	BMH1	5.6863929167848095e-06	0.0044529707784528895	0.00424113230805467
YCL023C	THP1	5.70621466011112e-06	0.00446437668577436	0.00425199560908459
ECM31	YOX1	5.733677394242489e-06	0.00448215540708194	0.00426892855409702
URA5	CDC34	5.74352694880034e-06	0.0044861474841093605	0.00427273071847212
LEU2	THP1	5.8881242831805295e-06	0.004579307117827529	0.004361458525598221
LEU2	ISW2	5.889424480460599e-06	0.004579307117827529	0.004361458525598221
NBR041W	BMH1	5.95684520904767e-06	0.00462223089895641	0.00440234031979513
gML01	RPP1	6.07742103873285e-06	0.0047003683690542706	0.00447676060355383
gBR07	YOX1	6.093786224681961e-06	0.00470725204067998	0.00448331680245616
NML013W	CSR2	6.21874455615663e-06	0.00478813717754745	0.00456035403990448
gAR03	SSA1	6.2922578674179706e-06	0.0048348998954585295	0.00460489214347901
AIM24	SOD1	6.34197174063227e-06	0.00486914403640062	0.0046375072087324895
ILV6	TEF4	6.37433007355737e-06	0.00488597350614195	0.00465353606034606
NKL041W	UBA1	6.471726704207e-06	0.00494268786532006	0.00470755238181055
gBR07	BMH1	6.53744143062149e-06	0.00497355995262415	0.004736955810082761
NLR032W	RNR2	6.58911824539975e-06	0.005002052965672	0.00476409334235128
ECM31	BMH1	6.6859888920777e-06	0.005059349305733	0.0048186639584761
LEU2	GDH1	6.695652191702079e-06	0.00506261152424174	0.00482177098544791
YAL004W	SSA1	6.7133087566658e-06	0.00507190744669486	0.00483062467863626
AGP1	THP1	6.72843805369401e-06	0.00508130836014007	0.00483957836814409
gLR09	TAL1	6.81692454400552e-06	0.0051399257853276	0.00489540722221625
YGL226C	TRX1	6.82315380190142e-06	0.00514257296306153	0.00489792846737395
NBR041W	YOX1	6.91015497780764e-06	0.00519985863676695	0.00495248892456722
YCL023C	CSR2	6.945800548642289e-06	0.00522432138898659	0.004975787925154579
YAR002C	SSA1	7.0045282766093005e-06	0.00525832439342301	0.00500817332534272
YML108W	CDC34	7.0090444121560505e-06	0.00525962751872975	0.005009414457861829
BOP2	YMR226C	7.09529496423778e-06	0.005307507884689999	0.00505501704029469
NBR038W	BMH1	7.124062799096221e-06	0.00532061178588024	0.0050674975575638395
YCL022C	CDC34	7.28789675050612e-06	0.00543010882213281	0.00517178555791051
PGI1	YOX1	7.33717209526131e-06	0.00545481967741822	0.00519532085870739
TAF5	YOX1	7.33717209526131e-06	0.00545481967741822	0.00519532085870739
ILV6	NTG2	7.6486064713463e-06	0.00564991300668419	0.00538113313168245
YBR139W	YCK1	7.704596466983619e-06	0.00568018221829111	0.00540996236449634
YML108W	THP1	7.90410457887854e-06	0.005795647919185579	0.00551993508583224
NBR034W	TIF6	7.938411608042481e-06	0.00581179285719093	0.00553531197052174
NBR035W	TIF6	7.938411608042481e-06	0.00581179285719093	0.00553531197052174
YOL073C	RSP5	7.95173419564911e-06	0.00581929441180105	0.00554245665823709
YCL022C	GDH1	8.03241689073228e-06	0.00586472767218498	0.0055857285497588
NTC20	YOX1	8.15149567418986e-06	0.00593106901001892	0.0056489138714789795
RIM2	YOX1	8.15149567418986e-06	0.00593106901001892	0.0056489138714789795
IRA2	PNC1	8.20820344365595e-06	0.00595395720545216	0.00567071322071224
GTR1	CDC7	8.259613833356379e-06	0.00597754951812169	0.005693183190640771
YCL022C	THP1	8.27961939745901e-06	0.00598744664617325	0.0057026094886393
LEU2	CDC45	8.35573409264497e-06	0.0060282582371994605	0.0057414795746685895
YBR162W	TIF6	8.39085795345448e-06	0.00604708515168779	0.00575941084780512
YBR144C	MSS4	8.40599826006625e-06	0.00604825956736723	0.00576052939372176
ILV6	NSE3	8.421261800673379e-06	0.00604825956736723	0.00576052939372176
gCL01	SMC3	8.43410543550236e-06	0.0060511059740445605	0.00576324039002551
NBR034W	YBR090C	8.43801955072281e-06	0.0060511059740445605	0.00576324039002551
NBR035W	YBR090C	8.43801955072281e-06	0.0060511059740445605	0.00576324039002551
CDC11	SOD1	8.77506898737868e-06	0.00625487512564443	0.0059573157557155105
MPD2	SSA1	8.91858202529505e-06	0.0063285568918749	0.0060274923040968
gOL02	PNC1	9.15177998209961e-06	0.0064582270556597	0.006150993748049571
REX4	PNC1	9.15177998209961e-06	0.0064582270556597	0.006150993748049571
gOL02	YDL124W	9.15252873163093e-06	0.0064582270556597	0.006150993748049571
REX4	YDL124W	9.15252873163093e-06	0.0064582270556597	0.006150993748049571
YLR271W	YMR226C	9.500234152719431e-06	0.00665393797252591	0.00633739422850561
NML013W	DPS1	9.5264136386674e-06	0.00666468876790651	0.00634763358283656
NML011W	DPS1	9.572319328964371e-06	0.0066895660339537895	0.00637132737783735
RTC2	TIF6	9.641102572213989e-06	0.00672025701412858	0.00640055831467956
RFX1	RNR2	9.73469554335749e-06	0.0067752477061654	0.006452932967971279
CST9	TAL1	9.88150069108311e-06	0.00684349695362192	0.006517935435490021
gCL01	ZDS2	9.91296168434203e-06	0.0068592074851765794	0.0065328985794827
YBR138C	BMH1	9.97259639335442e-06	0.00689481844837459	0.00656681544398826
NBR038W	YOX1	1.01455113268447e-05	0.0069843769330555205	0.0066521134173499
NBR043C	YOX1	1.0185256853975099e-05	0.00700406903468374	0.0066708687186048
AGP1	KAP123	1.02524743072737e-05	0.0070298492488924	0.00669542250636325
MAK5	BMH2	1.03965252631356e-05	0.007108010764950391	0.0067698656921583
NML011W	CSR2	1.04312459377463e-05	0.007124025061872941	0.00678511815067378
VTA1	LYS21	1.05734474038791e-05	0.007205533975352491	0.0068627494901888
YLR281C	ACS2	1.06037853517986e-05	0.007220716527649521	0.0068772097721599
YLR282C	ACS2	1.06037853517986e-05	0.007220716527649521	0.0068772097721599
YBR144C	BMH2	1.0774316126063302e-05	0.0072898999788094205	0.00694310200107746
EXO5	RAD54	1.07908189736651e-05	0.00729099548360203	0.0069441453900868704
UBS1	RAD54	1.07908189736651e-05	0.00729099548360203	0.0069441453900868704
URA5	DPS1	1.0817664554830802e-05	0.007303556648067759	0.00695610898991564
RPB5	YBR090C	1.0845246345757699e-05	0.007311740632663259	0.00696390364278972
IMD4	RRP12	1.08986496855846e-05	0.007339897191757709	0.006990720727024139
YCL026C	PUB1	1.0919788975447198e-05	0.007348901440572291	0.00699929662218653
YCL023C	TOR1	1.0961733064168301e-05	0.007361416629038291	0.0070112164332038
STE23	TAL1	1.1266340925767699e-05	0.00753388461370175	0.00717547970333367
BDF1	TAL1	1.14547675786756e-05	0.00763005176706205	0.0072670719551992
MEC3	ACS2	1.1473189719237599e-05	0.00763520301518649	0.0072719781461298
NJR011W	CBF1	1.1612958753748e-05	0.007705745991039659	0.00733916522389928
NNL035W	MSL5	1.1632170639735401e-05	0.00771578763942645	0.0073487291670549905
IRA2	GPD1	1.16937022555331e-05	0.007745738864515641	0.00737725554073035
NNT1	SOD1	1.18552172935815e-05	0.00782532448888015	0.00745305508659363
RTC2	SUB1	1.1878371185183802e-05	0.00783787300038671	0.0074650066353947
YCL023C	GDH1	1.19255099208143e-05	0.0078662335004981	0.00749201795868411
NGL3	THP1	1.22132879517449e-05	0.00800303719720692	0.0076223135763379204
YCL022C	SMC3	1.2292235435708501e-05	0.00803528649167818	0.007653028694738391
LEU2	ZDS2	1.25193211544034e-05	0.00815554880793013	0.00776756984496688
AGP2	BMH1	1.2809290697506401e-05	0.00830725755594576	0.00791206144498745
LEU2	RPL11A	1.28628709683789e-05	0.00833629051060743	0.0079397132325558
RPB5	TIF6	1.28767014120201e-05	0.00834054440078141	0.0079437647549999
BUD3	NTG2	1.30385996540386e-05	0.00841845419225924	0.00801796819135508
NLR116W	YMR226C	1.31567940128662e-05	0.00848326041807721	0.008079691430009521
NBR031C	YBR090C	1.31595258854623e-05	0.00848326041807721	0.008079691430009521
TYR1	TIF6	1.3292236880200199e-05	0.00855302545563504	0.00814613757786902
YCL022C	MDN1	1.35779659440732e-05	0.00869253108897365	0.00827900659456482
ILV6	MDN1	1.3664058703838001e-05	0.00872992142057946	0.00831461817866715
BUD3	THP1	1.3689723486982301e-05	0.00874336572253172	0.008327422903019929
LEU2	SMC3	1.38024603962751e-05	0.00880057545411828	0.008381911030842609
YJR071W	LIA1	1.3895671656326502e-05	0.008842064061992509	0.00842142592640917
NPA3	LIA1	1.3895671656326502e-05	0.008842064061992509	0.00842142592640917
RED1	YMR226C	1.39400892346905e-05	0.00886436451488338	0.00844266549341857
BUD3	CSR2	1.43386982989423e-05	0.00906300110159869	0.00863185246261146
ILV6	RPL4A	1.4442684967146698e-05	0.009116543699817809	0.00868284791137187
TAF13	CDC7	1.4529799229085998e-05	0.00916236062566855	0.0087264852164765
RPB5	NEW1	1.46046712967603e-05	0.00920343865192743	0.00876560906277717
SLI15	TIF6	1.46548486431697e-05	0.009228910446815909	0.008789869103460241
CSH1	RAD54	1.4830304715465698e-05	0.00930841739963192	0.008865593720368721
NDI1	ADE3	1.48501665522267e-05	0.00931779241426389	0.00887452274313175
MAK5	SUB1	1.4857937119933499e-05	0.0093195770156459	0.00887622244675766
YML108W	FKH1	1.5047843640528101e-05	0.0094106129941728	0.00896292762604925
SLX8	CDC24	1.5081475752477402e-05	0.0094223013965295	0.008974059983149929
YBR174C	BMH1	1.50913860524099e-05	0.009425380213445259	0.00897699233338115
MED8	YOX1	1.51276798538986e-05	0.0094386993074701	0.00898967780624707
RRI2	YDL124W	1.5257927737949699e-05	0.00950049078739396	0.00904852971768013
VPS63	YMR226C	1.52668908974161e-05	0.00950049078739396	0.00904852971768013
NBR038W	YCK1	1.54154730723895e-05	0.00955210472996182	0.00909768826155157
NGL3	FKH1	1.54771524059271e-05	0.0095840455117571	0.00912810954396193
SMY2	YCK1	1.5609215782922e-05	0.009643727292392441	0.00918495211954757
BUD3	MMS2	1.56507413256754e-05	0.00966622587982268	0.00920638039536239
gCL01	RPL11A	1.59067739328796e-05	0.009773835825932121	0.009308871078957509
YLR162W	RNR2	1.59720612120571e-05	0.00980704776219308	0.00934050304397532
gCL01	RIM15	1.61295553231336e-05	0.0098781020596667	0.00940817711857281
NML011W	GSP1	1.65758129704339e-05	0.0100925894530147	0.00961246083361544
YCL023C	RPS31	1.66064155880088e-05	0.0101047181203519	0.00962401251123851
NBR031C	UBC1	1.6754495405335e-05	0.0101817224659289	0.009697353575919991
ILV6	CDC45	1.68903370460845e-05	0.0102445282413217	0.00975717153036056
RTC2	RIM101	1.6918452306420802e-05	0.0102582920753444	0.00977028058587893
YCL022C	CTK1	1.72096458959297e-05	0.0103981933712809	0.00990352644255649
SFP1	TAL1	1.72413915617869e-05	0.0104140482244624	0.009918627042451009
BUD3	GDH1	1.72617224261596e-05	0.0104230004530173	0.0099271533920819
YCL026C	THP1	1.73623252796415e-05	0.0104670421227671	0.009969099894264321
NBR041W	YCK1	1.76482925946927e-05	0.0106155824891057	0.0101105738401023
SAM1	LYS21	1.7746669691649397e-05	0.0106444738625811	0.01013809078184
MAK5	RIM101	1.78803050869684e-05	0.0106992497867035	0.0101902608842407
MAK5	TIF6	1.8058692864615398e-05	0.0107667657033003	0.0102545649072027
TYR1	RAD54	1.81754679280797e-05	0.0108192449593103	0.0103045475994861
SUN4	APT1	1.8222972690636897e-05	0.0108407948792089	0.0103250723381527
ILV6	THP1	1.82826720722996e-05	0.0108660588734623	0.0103491344637739
ILV6	GPX2	1.87563335126532e-05	0.0110675999121124	0.0105410877131764
ILV6	KAP123	1.88232734239386e-05	0.0110863513185008	0.0105589470703138
gBR07	UBC1	1.8844666169760398e-05	0.0110954966243281	0.0105676573120695
YBR144C	ZDS2	1.88578713535255e-05	0.0110970643989883	0.0105691505039394
YCL022C	ZDS2	1.88590608084308e-05	0.0110970643989883	0.0105691505039394
gNL07	APT1	1.8949403485765803e-05	0.0111434403607686	0.0106133202502973
YBR144C	RIM101	1.8949656031982997e-05	0.0111434403607686	0.0106133202502973
LEU2	GPX2	1.94474596929767e-05	0.0113584992793336	0.0108181483017354
URA5	CSR2	1.9501563598347e-05	0.0113830704946423	0.0108415506055632
YLR257W	YMR226C	1.9603997694725303e-05	0.0114252352221022	0.0108817094560896
YBR137W	SUB1	1.9646739465411702e-05	0.0114466188046505	0.0109020757704717
IDP2	RNR2	2.00931885720065e-05	0.0116421903903309	0.0110883435480596
TRM10	HSP104	2.0121888927942e-05	0.0116552499029025	0.0111007817883829
AGP1	CSR2	2.04999342017809e-05	0.0118511417648437	0.0112873546059238
gCL01	KAP123	2.05039330809422e-05	0.0118511417648437	0.0112873546059238
NBR034W	NEW1	2.05289110510495e-05	0.0118583327162678	0.0112942034665897
NBR035W	NEW1	2.05289110510495e-05	0.0118583327162678	0.0112942034665897
NLR121W	SOD1	2.05682804311459e-05	0.0118739975525784	0.0113091230891703
gBR08	BMH2	2.0658272584403303e-05	0.0119148665554312	0.0113480478558083
YBR139W	UBC1	2.08039368756013e-05	0.0119790090158368	0.0114091389059587
gBR08	MSS4	2.1288929539769396e-05	0.0121920984235156	0.011612091140853998
ECM31	YCK1	2.13261499148887e-05	0.0122070301370465	0.0116263125170591
TAF13	THP1	2.1545764143013698e-05	0.012302956495660001	0.0117176754293598
YBR138C	UBC1	2.15777519975135e-05	0.0123137884252163	0.0117279920581197
MAK5	YCK1	2.16320927594834e-05	0.0123373557479307	0.011750438226925
gCL01	ARB1	2.16558388425422e-05	0.0123471763757301	0.0117597916639714
YCL023C	NTG2	2.17436706116168e-05	0.0123897858385392	0.0118003740927227
URA5	LYS20	2.18569847441614e-05	0.0124281495642971	0.0118369127642892
NGL3	LYS21	2.2014136536268202e-05	0.0124987242249777	0.0119041300195632
gML01	LYS21	2.21176694465553e-05	0.0125349340568958	0.0119386172631715
AGP2	YCK1	2.2370831047174898e-05	0.0126292253544038	0.0120284228981342
RED1	SOD1	2.2678702822441e-05	0.0127649383143462	0.0121576796679784
URA5	GSP1	2.2707817817709398e-05	0.0127745702110359	0.0121668533523053
ILV6	ISW2	2.2979496783914998e-05	0.0128997007624324	0.0122860311440888
SPO77	TAL1	2.30285912433847e-05	0.0129138944765207	0.0122995496292499
NBR031C	TIF6	2.3144816686057e-05	0.0129464042864081	0.012330512869725002
SMY2	BMH1	2.31782849065406e-05	0.0129536347333829	0.0123373993470437
MAK5	ZDS2	2.3331268448723602e-05	0.0130275866903918	0.0124078332325818
YCL022C	CDC45	2.38219675248877e-05	0.0132312844892717	0.0126018406399714
YBR138C	RIM101	2.40688875403371e-05	0.0133449213331905	0.0127100715074322
ILV6	DPS1	2.42113985693001e-05	0.01340821724404	0.0127703562804135
ILV6	WTM1	2.4336428212961802e-05	0.0134459689864834	0.0128063120821756
VPS63	SOD1	2.46014140326317e-05	0.0135567407016469	0.0129118141219086
YCL026C	CDC7	2.47817069676389e-05	0.0135966833339011	0.0129498565876131
MCM5	SOD1	2.4968810169284e-05	0.0136676275811276	0.0130174258473169
NML011W	WTM1	2.53542091482451e-05	0.0138059695881288	0.0131491865941633
YCL022C	RIM15	2.5526408735899303e-05	0.0138685154605223	0.0132087570098118
NBR031C	SUB1	2.55766658157434e-05	0.013883904959818998	0.0132234143938189
FTH1	TIF6	2.58424842503899e-05	0.013988015438573	0.0133225720880907
LEU2	RPL4A	2.58688154137314e-05	0.0139961467077588	0.0133303165333531
SMY2	TIF6	2.67807501937198e-05	0.0143183076743693	0.0136371515322481
RTC2	RAD26	2.6785714173737e-05	0.0143183076743693	0.0136371515322481
gCL01	GPX2	2.6916870514728e-05	0.0143721729845494	0.0136884543407897
gBR07	SUB1	2.7240093161678303e-05	0.0145038200846461	0.0138138386734656
IFH1	YMR226C	2.7382019926327498e-05	0.0145629929665697	0.0138701965598684
CCZ1	SUB1	2.74942575970406e-05	0.0146139910952684	0.0139187685856093
NBR031C	NEW1	2.7576223691628803e-05	0.0146294274328985	0.0139334705797382
SMY2	YOX1	2.76316117930951e-05	0.0146463258998764	0.0139495651462248
MLF3	APT1	2.81009902649539e-05	0.0148245105009768	0.0141192730796748
YCL022C	ISW2	2.8150878727612e-05	0.0148466886822333	0.0141403961918039
ARO4	ENP1	2.8190383440377502e-05	0.0148552073202633	0.0141485095778482
gCL01	RPL4A	2.8190588553565997e-05	0.0148552073202633	0.0141485095778482
YPQ1	HSP104	2.8672110242576098e-05	0.0150335709561887	0.0143183880290085
YML108W	DPS1	2.8790416515604603e-05	0.0150872389537326	0.0143695029115479
NML011W	ZDS2	2.8893275247913697e-05	0.0151201986156491	0.0144008946035152
CTS1	SOD1	2.90236052028539e-05	0.0151778103894851	0.0144557656474759
AGP2	YOX1	2.9331739548749396e-05	0.0153030868508981	0.0145750824079873
YPL071C	HAM1	2.9424349968738896e-05	0.0153306259804687	0.0146013114352971
YCL026C	KAP123	2.94250435623523e-05	0.0153306259804687	0.0146013114352971
MDY2	TAL1	2.95387550624783e-05	0.0153788544011762	0.0146472455146805
NBR034W	SUB1	2.9596981654730396e-05	0.0153905362220765	0.0146583716034203
NBR035W	SUB1	2.9596981654730396e-05	0.0153905362220765	0.0146583716034203
NML013W	LYS20	2.96141921064261e-05	0.0153930311062639	0.0146607477999998
SUN4	CDC48	2.98296714683664e-05	0.0154944994735656	0.0147573890743802
STE50	GSP1	2.98644629295593e-05	0.0155083131017406	0.014770545555224
NLR121W	ACS2	3.01683024014779e-05	0.0156324769708962	0.0148888026521529
PIG1	SOD1	3.02366614734856e-05	0.0156568356139605	0.0149120024963064
YNL050C	TRM82	3.02742052896974e-05	0.0156651871344384	0.0149199567149803
SLI15	NEW1	3.0303114555340197e-05	0.0156715729720338	0.0149260387630078
NLR118C	ACS2	3.0356307384103002e-05	0.0156733740963282	0.0149277542035117
RTC2	YCK1	3.0375294644508197e-05	0.015678898301643998	0.014933015609168
NLR116W	SOD1	3.05499931582292e-05	0.015724223379871	0.0149761844650167
NLR118C	SOD1	3.05545354249193e-05	0.015724223379871	0.0149761844650167
RPB5	SUB1	3.06048682559675e-05	0.0157415615647625	0.014992697830983998
LEU2	ARB1	3.07914570222026e-05	0.0158117391490943	0.0150595368997807
HRP1	HSP104	3.08281648313659e-05	0.0158218069472281	0.0150691257486775
gML01	NTG2	3.0833036986226e-05	0.0158218069472281	0.0150691257486775
IRA1	UBC1	3.1287463427892795e-05	0.0160099482151407	0.0152483166864855
PEX32	BMH1	3.14065864416114e-05	0.0160622147208452	0.0152980967495044
YBR174C	TIF6	3.14593687361259e-05	0.0160761708190295	0.0153113889227183
NML013W	GSP1	3.16444126074409e-05	0.0161489197117929	0.0153806769766546
YBR137W	UBC1	3.1790304321057e-05	0.0162146237196978	0.0154432552877547
YML096W	CDC7	3.21311005328005e-05	0.0163627978111621	0.0155843803832902
YLR271W	SOD1	3.22773267485502e-05	0.0164055280105011	0.015625077804846
NBR043C	YCK1	3.23239675688034e-05	0.0164165945098233	0.0156356178443269
gCL01	GDH1	3.3122266444973804e-05	0.016709282495842	0.0159143819628094
LEU2	KAP123	3.3334360881496896e-05	0.0167894153056102	0.015990702663158
NML011W	TOR1	3.3349496095602195e-05	0.0167925675478482	0.0159937049456932
YSH1	SOD1	3.34800450817518e-05	0.0168269514677048	0.0160264531402439
YBR137W	YOX1	3.38003348115639e-05	0.0169474054565271	0.0161411768447201
URA5	WTM1	3.38441614249197e-05	0.0169514087347907	0.0161449896774619
NBR034W	UBC1	3.40826434954422e-05	0.0170302759464615	0.0162201049872415
NBR035W	UBC1	3.40826434954422e-05	0.0170302759464615	0.0162201049872415
NNL038C	MSL5	3.41063571281148e-05	0.0170376249124175	0.0162271043453099
BUD3	WTM1	3.4210939820817306e-05	0.0170808477850744	0.0162682710025355
NTC20	YCK1	3.4331932842481104e-05	0.0171276960942033	0.0163128906255489
RIM2	YCK1	3.4331932842481104e-05	0.0171276960942033	0.0163128906255489
NDI1	ZDS2	3.44114668607317e-05	0.017158324696238	0.0163420621517284
gOL02	RSP5	3.45569075931835e-05	0.0172081665565358	0.0163895329155217
REX4	RSP5	3.45569075931835e-05	0.0172081665565358	0.0163895329155217
NTC20	BMH1	3.47424409087497e-05	0.0172506067362908	0.0164299541144188
RIM2	BMH1	3.47424409087497e-05	0.0172506067362908	0.0164299541144188
NGL3	ADE3	3.49179294009511e-05	0.0173059460457494	0.0164826608005677
NDI1	THP1	3.50404176663644e-05	0.0173555767478458	0.0165299304514603
YBR162W	RAD54	3.50850930012961e-05	0.0173689012686946	0.0165426210929832
YBR144C	HMO1	3.5501177309511296e-05	0.0175337516720091	0.0166996291683283
NGL3	CDC34	3.5589295367965005e-05	0.017560476803897	0.016725082921771998
PGI1	BMH1	3.56724769227882e-05	0.0175685135388836	0.0167327373300533
TAF5	BMH1	3.56724769227882e-05	0.0175685135388836	0.0167327373300533
CSH1	YCK1	3.58774696987631e-05	0.0176382610406544	0.0167991667763451
BUD3	ISW2	3.62034366761344e-05	0.0177606906980965	0.0169157721621596
YNL114C	MSL5	3.6210995728641e-05	0.0177606906980965	0.0169157721621596
YBR137W	BMH1	3.6510570424590505e-05	0.0178844410522628	0.0170336354159961
LEU2	RIM15	3.6710918242619e-05	0.0179593286621655	0.0171049604431821
IRA2	RSP5	3.6774290045900394e-05	0.0179810310165426	0.0171256303646545
RPB5	UBC1	3.6824781737737896e-05	0.0180010666207611	0.0171447128272599
MCM5	YMR226C	3.6848242649737295e-05	0.0180040407264288	0.0171475454476076
MPD2	PNC1	3.72690849940926e-05	0.0181332078892799	0.0172705678195841
NDI1	FKH1	3.74721425468164e-05	0.018204619291787	0.0173385820108745
MOG1	SOD1	3.78749736131619e-05	0.0183578919951556	0.0174845631651513
YBR124W	SUB1	3.8007280693821204e-05	0.0183900907655124	0.0175152301629903
gML01	CDC34	3.8019173010672496e-05	0.0183900907655124	0.0175152301629903
YLR169W	RNR2	3.8073996624781e-05	0.0183977928012393	0.0175225657944562
DPH5	RNR2	3.8199664217913396e-05	0.018449092003195	0.0175714245706791
TAF13	LYS20	3.84663638697151e-05	0.0185494847251855	0.0176670413707686
AGP1	RIM15	3.8590762737269e-05	0.0185810544657092	0.0176971092632282
PAC2	CDC45	3.86022710484304e-05	0.0185818661852678	0.0176978823673459
GSY2	YMR226C	3.92041274655693e-05	0.0188236826974422	0.0179281950896675
BOP2	SOD1	3.92980358056595e-05	0.0188544162034441	0.0179574665292814
MPD2	TAL1	3.93103543147146e-05	0.0188555443491406	0.017958541006389
CBT1	UBA1	3.94282671359529e-05	0.0188861675056243	0.0179877073460753
HRP1	YDL124W	3.954807271494871e-05	0.0189203935269769	0.0180203051537314
YOL118C	YDL124W	3.98081023463141e-05	0.0190219482697635	0.0181170286945085
RTC2	NEW1	4.0190838111332004e-05	0.0191612758030214	0.0182497280837703
BUD3	DPS1	4.02672732743314e-05	0.0191694234550618	0.0182574881325159
SLI15	UBC1	4.0361419448543e-05	0.0191990554574877	0.0182857104697135
OPI3	SOD1	4.0613679080993897e-05	0.0192851058022312	0.0183676671937452
YBR138C	YOX1	4.06380104931026e-05	0.0192918170701551	0.0183740591906023
MPD2	HSP104	4.07880612227747e-05	0.0193484836869589	0.0184280300409114
gBR08	YCK1	4.10031597264918e-05	0.0194261634072789	0.0185020143511439
CTS1	ACS2	4.10869820022451e-05	0.0194382998838658	0.0185135734665119
YOL099C	HSP104	4.12195753080617e-05	0.0194750448649495	0.0185485704009601
HAL9	HSP104	4.13812500557876e-05	0.0195323032755488	0.0186031048920184
STE50	SMC3	4.15475584940954e-05	0.0195908647495141	0.0186588804566018
PCH2	YCK1	4.15735576010667e-05	0.0195982391686127	0.018665904056946
BUD3	RPL4A	4.16790644129351e-05	0.0196284114318276	0.0186946409534348
RTC2	DNA2	4.17010516565405e-05	0.0196338784458558	0.0186998478885298
YBR144C	TIF6	4.19445233165317e-05	0.0196967530352417	0.0187597313833173
RPB5	EGD1	4.2071811971030496e-05	0.0197445591535282	0.0188052632502159
GTR1	ADE3	4.22915399167678e-05	0.0198203984462736	0.0188774946864155
MEC3	SOD1	4.2347708777251896e-05	0.0198297653655119	0.0188864159989021
NGL3	ZDS2	4.25333689797409e-05	0.0198724324610796	0.0189270533186839
RRD2	HAM1	4.26846571937877e-05	0.019923434984817003	0.018975629530381
PXA1	HAM1	4.26846571937877e-05	0.019923434984817003	0.018975629530381
NNT1	ACS2	4.27501056746383e-05	0.0199441419636073	0.0189953514286639
GTR1	MDN1	4.29448697079906e-05	0.0200004788286791	0.0190490082143196
RTC2	YBR090C	4.29616399842968e-05	0.0200033646463237	0.0190517567467167
NBR043C	BMH1	4.31805427182891e-05	0.0200702416710233	0.019115452271397
NBR034W	EGD1	4.319014693768e-05	0.0200702416710233	0.019115452271397
NBR035W	EGD1	4.319014693768e-05	0.0200702416710233	0.019115452271397
YLR281C	SOD1	4.3388036677202005e-05	0.0201387961675726	0.0191807454665792
YLR282C	SOD1	4.3388036677202005e-05	0.0201387961675726	0.0191807454665792
BUD3	GPX2	4.39704015814879e-05	0.0203478518862564	0.0193798559047127
YCL022C	GPX2	4.40056652836864e-05	0.020359190371904	0.019390654991479
ILV6	GDH1	4.40977400295451e-05	0.0203918147027408	0.0194217273048681
YSH1	YMR226C	4.46991284032192e-05	0.0205655884545021	0.0195872342236319
VPS36	TAL1	4.47018219019474e-05	0.0205655884545021	0.0195872342236319
NLR076W	RNR2	4.47695216686165e-05	0.0205817186672184	0.0196025970835495
SLI15	RIM101	4.48356547822117e-05	0.0206071139830682	0.0196267842834848
ILV6	ARB1	4.49015630818607e-05	0.0206223755028067	0.0196413197762273
PCH2	EGD1	4.51884525877247e-05	0.0207340030359538	0.0197476369206356
YBR144C	SUB1	4.52812187479743e-05	0.0207664938265483	0.019778582046611
PIG1	YMR226C	4.54943891358233e-05	0.0208389968568145	0.0198476359343171
BUD3	CDC45	4.5748925567692e-05	0.0209151253253701	0.0199201427895421
NOL019C	TAL1	4.5751547306331396e-05	0.0209151253253701	0.0199201427895421
NOL020W	TAL1	4.5751547306331396e-05	0.0209151253253701	0.0199201427895421
RTC2	ZDS2	4.58875414053589e-05	0.0209632484585945	0.0199659765902197
NOP15	MSL5	4.59126434870802e-05	0.0209672477378494	0.0199697856141951
VTA1	RPP1	4.63046679569926e-05	0.0210977650806849	0.0200940939348648
gCL01	RPL28	4.6331054895559494e-05	0.0210996241485164	0.0200958645623931
PCH2	BMH1	4.64989789764289e-05	0.0211608162028328	0.0201541455643285
YML108W	CSR2	4.6653615477883505e-05	0.0212260822783651	0.0202163067765466
NOL019C	HSP104	4.66941555154492e-05	0.0212292099644143	0.0202192856710897
NOL020W	HSP104	4.66941555154492e-05	0.0212292099644143	0.0202192856710897
CTR1	RPT6	4.67462900151831e-05	0.0212478061751305	0.0202369972155843
YNL050C	RPL28	4.69426845711538e-05	0.0213114718548657	0.0202976341666611
NTC20	EGD1	4.7915370820427896e-05	0.0216750370165168	0.0206439036640094
RIM2	EGD1	4.7915370820427896e-05	0.0216750370165168	0.0206439036640094
RTC2	UBC1	4.80032958249086e-05	0.0216818912332321	0.0206504318092419
YCL023C	RIM15	4.800501365756579e-05	0.0216818912332321	0.0206504318092419
MAK5	NEW1	4.8145594709125e-05	0.0217203463405513	0.0206870575151302
YML108W	LYS20	4.8633305019496504e-05	0.0219003031032249	0.0208584533041889
YNL050C	NSR1	4.86895871393133e-05	0.021920429874179	0.0208776225965101
gPL05	HAM1	4.8723964302743105e-05	0.0219285865656977	0.0208853912547043
GTR1	NTG2	4.88538090958616e-05	0.0219734467414896	0.0209281173246388
YBR138C	SUB1	5.00591634241284e-05	0.0223561316733602	0.0212925970190072
ILV6	GSP1	5.017432823284939e-05	0.0223917054597882	0.0213264784753307
BUD3	MDN1	5.0401992550349704e-05	0.0224403691816787	0.0213728271475785
YOL106W	TAL1	5.097380161876529e-05	0.0226204226154671	0.0215443150088759
NML009C	CDC7	5.12303168503084e-05	0.0226810508305309	0.0216020589947405
STE6	UBA1	5.1544248977500394e-05	0.0227773927869453	0.0216938177338608
YCL023C	KAP123	5.17588373067863e-05	0.0228189165528714	0.0217333661149266
gCL01	TEF4	5.19052385740435e-05	0.0228647811717653	0.0217770488442023
YOL099C	TAL1	5.19755865203883e-05	0.0228878052230993	0.0217989775863461
YCL022C	RPL11A	5.2851376230914796e-05	0.0231709864580502	0.0220686872126469
NBR034W	RAD26	5.2911902741242404e-05	0.0231777961316104	0.0220751729337488
NBR035W	RAD26	5.2911902741242404e-05	0.0231777961316104	0.0220751729337488
EAF6	SOD1	5.291591617621429e-05	0.0231777961316104	0.0220751729337488
MLF3	NSR1	5.30122560035313e-05	0.0232026571567198	0.022098851260432005
YNL115C	MSL5	5.3056434200804904e-05	0.0232026571567198	0.022098851260432005
YCL022C	KAP123	5.31204673688507e-05	0.0232190078363615	0.0221144240991361
BFA1	CBF1	5.3401133036253996e-05	0.0233039957664114	0.0221953689500822
gBR08	SUB1	5.351824170995329e-05	0.0233335710242829	0.0222235372421997
MDY2	HSP104	5.3655741694847704e-05	0.0233827420947448	0.0222703691272339
gML01	LYS20	5.38119844409175e-05	0.023437421310572998	0.0223224471219852
POC4	HAM1	5.3830937575981104e-05	0.0234374946538381	0.0223225169761358
TPS1	SUB1	5.4048572500914705e-05	0.0234836082098698	0.0223664368000142
EXO5	NEW1	5.4334914833922794e-05	0.023564723713919	0.0224436934455265
UBS1	NEW1	5.4334914833922794e-05	0.023564723713919	0.0224436934455265
NBR031C	RAD26	5.44817751863853e-05	0.0236084703478267	0.0224853589474274
NBR031C	SCL1	5.44857028505065e-05	0.0236084703478267	0.0224853589474274
YCL026C	CSR2	5.459679723802229e-05	0.0236403632184402	0.0225157345979055
BUD3	NSE3	5.52022234228044e-05	0.0238479277942975	0.0227134248304433
LEU2	TEF4	5.545012138661539e-05	0.0239386222012601	0.0227998046875468
LEU2	NSE3	5.5933001665007495e-05	0.0241085765228563	0.0229616738755736
ILV6	RPL28	5.5971637046594394e-05	0.0241197338793957	0.0229723004499766
YJR056C	CBF1	5.7457293498064294e-05	0.024642066763254	0.0234697847092514
BUD3	GSP1	5.75016566321782e-05	0.0246499164903752	0.0234772610060787
SPI1	CDC24	5.77488130149973e-05	0.0247166618198689	0.0235408311006091
PGI1	YCK1	5.8237777787611794e-05	0.0248416359861564	0.0236598599468973
TAF5	YCK1	5.8237777787611794e-05	0.0248416359861564	0.0236598599468973
gCL01	NSE3	5.85321476474661e-05	0.0249350767012477	0.0237488554636833
NML013W	ZDS2	5.88334518519151e-05	0.0250449000248094	0.0238534542290714
KTR4	YOX1	5.8961097544224204e-05	0.0250935910876332	0.023899828941579
GTR1	ZDS2	5.99723024238776e-05	0.0253888921384943	0.0241810818151595
MED8	YCK1	6.023477019720179e-05	0.0254353821250605	0.0242253601618715
YCL023C	ISW2	6.03975274636952e-05	0.0254659344003128	0.0242544589923161
MNP1	SIS1	6.04013524107826e-05	0.0254659344003128	0.0242544589923161
gPL11	PDS5	6.09234734681855e-05	0.0256506812515019	0.0244304169939228
YCL023C	GPX2	6.10082850175506e-05	0.0256646267228167	0.0244436990458128
BUD3	RPL11A	6.11413436152733e-05	0.0257075637103411	0.0244845934181454
YLR257W	CCS1	6.11511194506607e-05	0.0257075637103411	0.0244845934181454
MOG1	LIA1	6.12349889667622e-05	0.0257313857802351	0.0245072822151978
NDI1	MDN1	6.127125198936129e-05	0.0257409061047457	0.024516349635101003
NJR013W	LIA1	6.16286752701665e-05	0.0258738268756921	0.024642947047057998
YJR079W	LIA1	6.16286752701665e-05	0.0258738268756921	0.024642947047057998
NDI1	RPN14	6.16985404231951e-05	0.0258974113405833	0.0246654095425458
YBR139W	NEW1	6.17775259638258e-05	0.0259133161031407	0.0246805576775078
OPI3	LIA1	6.181960025491939e-05	0.0259252162786632	0.0246918917332183
OM14	TIF6	6.20302854193964e-05	0.0259859146703629	0.0247497025572484
IRA1	MSS4	6.27010281856105e-05	0.0261845722282068	0.0249389094999232
YBR162W	NEW1	6.29481785049761e-05	0.0262588014321707	0.0250096074431156
RTC2	HMO1	6.34626591916917e-05	0.0264384376056032	0.0251806978941301
SLI15	YBR090C	6.35480069565115e-05	0.0264681646332322	0.0252090107359546
NML013W	WTM1	6.36686847029356e-05	0.0265009237990157	0.0252402114698696
YLR232W	ACS2	6.37003151787715e-05	0.0265024271710337	0.0252416433228849
NBR043C	EGD1	6.393680402819739e-05	0.0265774378305504	0.0253130855459205
AGP2	SUB1	6.39627481003946e-05	0.0265823813405377	0.0253177938813139
YBR162W	YCK1	6.431163239773691e-05	0.0266693336344189	0.0254006096466056
ILV6	RPL11A	6.43977524853422e-05	0.0266869505832318	0.0254173885150278
RED1	CCS1	6.469879419409449e-05	0.0267823702382811	0.0255082688288649
NDI1	NTG2	6.49868503108179e-05	0.0268487374477063	0.0255714787914028
SAM1	GSP1	6.52067076746968e-05	0.0269219312522663	0.0256411905916174
YML108W	ZDS2	6.53485377139629e-05	0.0269746016226831	0.0256913553065382
NGL3	NTG2	6.60672557845939e-05	0.0271586811554517	0.0258666777356577
YBR144C	NEW1	6.61296725189729e-05	0.0271666295266525	0.0258742479838299
gCL01	BNA1	6.66454692901286e-05	0.0273202876036915	0.0260205961786299
NML011W	LYS20	6.66894477400181e-05	0.0273202876036915	0.0260205961786299
NBR023W	SUB1	6.67703264019563e-05	0.0273377685748577	0.0260372455381873
RPB5	RIM101	6.71958038500104e-05	0.0274436976331489	0.026138135297818
YBR139W	BMH2	6.72320303690555e-05	0.0274451032441459	0.0261394740405379
NCR015C	FKH1	6.73172744954525e-05	0.0274695863511833	0.0261627924276157
ECM23	CLB5	6.74377144766139e-05	0.0274890858497236	0.0261813642883722
GSY2	SOD1	6.75315483259625e-05	0.0275062199294469	0.0261976832589423
CCZ1	YOX1	6.78437007809871e-05	0.0275943229133297	0.0262815949731601
PEX32	TIF6	6.83286488278771e-05	0.0277386894804849	0.0264190936774245
FRE1	YMR226C	6.84223446851941e-05	0.0277581732515384	0.0264376505588884
YLR269C	SOD1	6.84262497528136e-05	0.0277581732515384	0.0264376505588884
VTA1	RNR4	6.87893693144402e-05	0.0278599596566231	0.0265345947412338
NBR051C	TIF6	6.916289989362099e-05	0.0279633482839186	0.0266330649242474
MAK5	UBC1	6.924082605065821e-05	0.0279828936595454	0.0266516804796076
YML108W	TOR1	6.9305074332348e-05	0.0280028766306982	0.0266707128130281
URA5	TOR1	6.95505566264701e-05	0.0280900678911019	0.0267537561766332
VPS9	CDC7	7.00833062173396e-05	0.0282389151123952	0.0268955223796018
YBR144C	YCK1	7.01574919773071e-05	0.0282608271463441	0.0269163920056873
NCR015C	RPS31	7.056728358903721e-05	0.0283795241873052	0.0270294423445143
YML108W	WTM1	7.07131531014685e-05	0.0283838815578664	0.027033592424536
TRM10	PNC1	7.14360654824132e-05	0.0286072861782094	0.0272463691527576
NNL035W	RPN14	7.24332074749979e-05	0.0289147892392064	0.0275392435576674
PCS60	TIF6	7.279805882853321e-05	0.0290359270807992	0.0276546185824022
CSH1	EGD1	7.29237391551252e-05	0.0290690973455652	0.0276862108583377
NBR034W	RIM101	7.31799842312565e-05	0.0291391114100435	0.0277528941863115
NBR035W	RIM101	7.31799842312565e-05	0.0291391114100435	0.0277528941863115
HAT1	PDS5	7.32441417266208e-05	0.0291585205653608	0.0277713800016882
BUD3	PAB1	7.33538591523087e-05	0.0291899137968322	0.0278012797820532
NBR041W	RAD54	7.37330271328823e-05	0.0293038130122382	0.027909760539362
gBR08	UBC1	7.44240159419649e-05	0.0295288053503731	0.0281240494538426
NEJ1	YMR226C	7.44956189999128e-05	0.0295510171193798	0.0281452045558722
PEX32	YOX1	7.49625500245266e-05	0.0296988750047223	0.0282860284879674
NGL3	RPP1	7.581742152721741e-05	0.029981051625168998	0.0285547812916789
LEU2	RPL28	7.592859425656641e-05	0.0299949899261437	0.0285680565143391
PYC2	TIF6	7.593466440971279e-05	0.0299949899261437	0.0285680565143391
PGI1	EGD1	7.72975513719817e-05	0.0304137730140657	0.0289669170891372
TAF5	EGD1	7.72975513719817e-05	0.0304137730140657	0.0289669170891372
NNL035W	APT1	7.785354805693871e-05	0.0305840907312858	0.0291291323851888
ECM31	RAD54	7.78597542949774e-05	0.0305840907312858	0.0291291323851888
RPB5	RAD26	7.84645457313731e-05	0.0307577930111639	0.0292945712321578
NBR031C	EGD1	7.89554172732487e-05	0.0308836944732433	0.0294144832605592
YBR174C	YCK1	7.932212895256129e-05	0.0309656338949595	0.0294925246280044
IRA1	BMH2	7.948734947877359e-05	0.0310173311851295	0.0295417625544332
NML013W	KAP123	7.95874028735838e-05	0.031039797262964998	0.0295631598672124
gCR02	RPS31	8.01342421217763e-05	0.0311776906305307	0.0296944933174742
URA5	ZDS2	8.04961938434415e-05	0.0312776376002989	0.0297896855708407
YJR054W	CBF1	8.05181674088042e-05	0.0312776376002989	0.0297896855708407
MDY2	SSA1	8.10204687696463e-05	0.031436571563145	0.0299410586649412
SMA1	CLB5	8.136903377131891e-05	0.0315257413046493	0.0300259863885689
YCL022C	RPL4A	8.18479780962056e-05	0.0316318273885584	0.0301270257037333
RRP12	PDS5	8.213842265469051e-05	0.0317115225912674	0.0302029296150371
RQC2	PDS5	8.213842265469051e-05	0.0317115225912674	0.0302029296150371
YCL023C	ZDS2	8.21547681565396e-05	0.0317115225912674	0.0302029296150371
UGO1	GPX2	8.251896692538381e-05	0.0318066735161642	0.0302935539828578
PHO8	GPX2	8.30628714630876e-05	0.0319577176197559	0.0304374125571794
YCL022C	ARB1	8.31496569828515e-05	0.0319716008210203	0.0304506353013543
MPD2	RSP5	8.364654933583441e-05	0.0321169643955144	0.0305890835829339
SKM1	YDL124W	8.412830835956509e-05	0.032243043413756	0.0307091647207262
EXO5	YCK1	8.43948370617155e-05	0.0323005058822833	0.0307638935621888
UBS1	YCK1	8.43948370617155e-05	0.0323005058822833	0.0307638935621888
NDI1	LYS21	8.43977583865116e-05	0.0323005058822833	0.0307638935621888
ILV6	RIM15	8.45936012367292e-05	0.0323470369092058	0.0308082109968692
YBR139W	SUB1	8.59245799966922e-05	0.0327061972784874	0.0311502852483563
SUN4	TRM82	8.61442233953608e-05	0.0327648206811322	0.0312061197955237
AGP1	BNA1	8.61454264238441e-05	0.0327648206811322	0.0312061197955237
MAK5	HMO1	8.61478719000384e-05	0.0327648206811322	0.0312061197955237
CCZ1	BMH1	8.658697071905009e-05	0.0329053622655865	0.0313399754806629
STE50	RPP1	8.661701842326701e-05	0.0329101700730346	0.0313445545692115
NDJ1	TAL1	8.71264853766563e-05	0.0330572668713303	0.0314846536209912
NBR034W	SCL1	8.76258800819357e-05	0.0332134389982456	0.0316333962663017
NBR035W	SCL1	8.76258800819357e-05	0.0332134389982456	0.0316333962663017
NNL035W	UBA1	8.82095475602398e-05	0.0333811643161987	0.031793142489720004
CSH1	ZDS2	8.86954594531448e-05	0.0335248102729379	0.0319299548647295
CSH1	UBC1	8.88986837579098e-05	0.0335782635922563	0.0319808652818
NML013W	RPS31	8.95103426312453e-05	0.0337653538206458	0.0321590551805489
DBF20	RPT6	8.95998783358983e-05	0.0337923904782969	0.0321848056397302
BUD3	CTK1	8.97553952321583e-05	0.0338308095844841	0.0322213970571465
SWC3	SSA1	9.008627534877471e-05	0.0338844101031045	0.0322724476708962
YBR138C	YCK1	9.11290003770172e-05	0.0341444607704953	0.0325201271060587
EAF6	LIA1	9.13273804744604e-05	0.0342120143648141	0.0325844670143233
IRA1	SUB1	9.17615458830681e-05	0.0343208288129846	0.0326881048989355
gCR02	FKH1	9.187972950392181e-05	0.0343509074155776	0.0327167525904622
ARO4	NEW1	9.21561676488618e-05	0.0344351867154684	0.0327970225224808
JIP4	PUS1	9.235587365925309e-05	0.0344880276707434	0.0328473497071301
YBR138C	HMO1	9.268239447929499e-05	0.0345578198129488	0.0329138216702043
NML011W	SPO14	9.294317432020491e-05	0.0346389652705392	0.0329911068442961
YCL023C	CTK1	9.298272929749079e-05	0.0346468813770538	0.0329986463626903
YOL106W	HSP104	9.42587375969649e-05	0.035046410141514	0.0333791685882455
NML013W	MMS2	9.4484953502865e-05	0.0351029230052976	0.0334329929999334
RFC4	TAL1	9.55527534231789e-05	0.0353586988867515	0.0336766010109503
TRM10	TAL1	9.644248225067171e-05	0.0355994700438634	0.0339059181082499
YCL022C	RPL28	9.7274364878321e-05	0.0358296372797811	0.0341251357382487
NDJ1	PNC1	9.78414208229932e-05	0.0359614840090492	0.0342507102032589
NOL019C	SSA1	9.79273208719652e-05	0.0359711430734086	0.0342599097628245
NOL020W	SSA1	9.79273208719652e-05	0.0359711430734086	0.0342599097628245
YML096W	THP1	9.795147048471779e-05	0.0359711430734086	0.0342599097628245
AGP1	RGT1	9.84925183790979e-05	0.036115421528162	0.0343973245464049
YBR137W	RIM101	9.870528673728921e-05	0.0361595655319252	0.0344393685143269
SAM1	RPP1	9.8742892601292e-05	0.0361663384637026	0.0344458192415404
DUR1,2	TIF6	9.890590036751559e-05	0.036198009645184	0.0344759837491686
YLR252W	YMR226C	9.89733845857866e-05	0.0362086978684988	0.0344861635081366
GSY2	CCS1	9.930704482061791e-05	0.0362956696486543	0.0345689978326939
ECM31	EGD1	0.00010026424760821601	0.0365748547031502	0.034834901386402
CSH1	BMH2	0.000100594819221175	0.0366699114116082	0.0349254360198852
gBR07	MSS4	0.00010061232744365699	0.0366699114116082	0.0349254360198852
MUD1	SUB1	0.00010094446622049201	0.036745048238471995	0.0349969984081852
NDI1	CDC34	0.00010098619062481	0.0367526676741051	0.0350042553690412
TYR1	NEW1	0.000101917650630855	0.0369783390270204	0.0352191909959452
YCL026C	BMH2	0.000102231507562568	0.0370731692994191	0.0353095099654741
MCP2	YMR226C	0.000103080448757569	0.0372858144909087	0.0355120391166068
NLR028W	RNR2	0.000104057283171418	0.0375535170161094	0.0357670063924016
BUD3	ARB1	0.000104388680758425	0.037651036752032005	0.035859886881242004
AGP1	NTG2	0.000105213783081489	0.0379068238725899	0.0361035055966917
YPQ1	TAL1	0.000105240328977314	0.0379068238725899	0.0361035055966917
HIT1	CBF1	0.000105456945679477	0.0379567356352553	0.0361510429374299
RPB5	ENP1	0.000106099554252537	0.0381072532561728	0.0362944000751173
gBR08	NEW1	0.000106337568300675	0.0381430679933397	0.0363285110195766
gCL01	MPE1	0.00010666889119396899	0.0382329155552648	0.0364140843180868
EXO5	EGD1	0.00010747051395714301	0.0383893158233093	0.0365630442513074
UBS1	EGD1	0.00010747051395714301	0.0383893158233093	0.0365630442513074
ILV6	ZDS2	0.00010775560449643101	0.0384838858193369	0.0366531153264344
YML108W	GSP1	0.000109293619195075	0.0388352212369505	0.03698773687792
VTA1	GSP1	0.000109822130887911	0.0389498578958035	0.0370969199967272
NBR041W	EGD1	0.000110726366743854	0.0392337799202325	0.0373673351713787
RPB5	SCL1	0.00011098018025126999	0.0393000154768485	0.0374304197441466
RTC2	SCL1	0.000111806155626262	0.0394610786129243	0.0375838207216138
YBR137W	HMO1	0.00011187616806145601	0.0394637915499021	0.0375864045976908
NNL035W	CRM1	0.00011200128917266101	0.0394814216761505	0.0376031960166663
ILV6	PAB1	0.000112566753386841	0.039596642758438994	0.0377129357564885
CDC73	TAL1	0.000112786891133506	0.0396445922334275	0.0377586041602678
MED8	EGD1	0.000113202582008125	0.0397537754173485	0.0378625932389891
GTR1	THP1	0.00011333559117296499	0.0397709436517547	0.0378789447394222
FTH1	YCK1	0.000113605948938849	0.0398141287220994	0.0379200753926821
TAF13	RPP1	0.00011404134643121999	0.0398845899383821	0.0379871846003795
URA5	RAD54	0.00011412735970098201	0.0399007683688054	0.0380025933841723
SUN4	NSR1	0.000114341607087327	0.0399315112914694	0.0380318737924751
VPS9	THP1	0.000114623980610753	0.0399930932629927	0.0380905261623235
POF1	MMS22	0.000114864451924977	0.0400474509420328	0.0381422979165607
ROT2	TIF6	0.00011509508464952099	0.0400909176160336	0.0381836967769172
SKM1	TAL1	0.000115748577598941	0.040281463188021	0.0383651776403045
CDC11	LIA1	0.00011607653150860901	0.0403807370801096	0.0384597288359066
BUD3	KAP123	0.00011747719133115	0.0407152703191201	0.0387783475286117
TRM10	SSA1	0.000118232262019023	0.0408676413331836	0.0389234698891004
MDY2	YDL124W	0.00011828916036313501	0.0408726726312169	0.0389282618362528
YCL023C	CDC45	0.000118290028801507	0.0408726726312169	0.0389282618362528
SAM1	RNR4	0.00011849182077702	0.0409274470087282	0.0389804304656184
gNL07	TRM82	0.00011868030483245901	0.0409632136190723	0.0390144955727628
YOL106W	SSA1	0.000119093172087982	0.0410527054373904	0.0390997300512399
NDI1	RPP1	0.000119119495640967	0.041054298711459	0.0391012475294506
BNA2	LIA1	0.000119400550012728	0.0411286847595099	0.0391720948552815
IRA1	HMO1	0.00011956997116805	0.0411653281016697	0.0392069949860124
RFC2	LIA1	0.000119660969805798	0.0411808971861788	0.0392218234119336
gBR07	BMH2	0.00011986768550117	0.0412157772133462	0.0392550441127838
NBR044W	EGD1	0.00011999855038423401	0.0412520475478889	0.0392895889807625
NDJ1	YDL124W	0.000120358766350932	0.0413233147905628	0.0393574658702477
LEU2	RGT1	0.000120457818705991	0.0413350513276455	0.0393686440721902
ECM23	CCS1	0.00012087052037739299	0.0414313438930787	0.0394603557699765
SLI15	SUB1	0.000121018045419326	0.0414518687012591	0.0394799041639412
NTC20	RAD54	0.000121144064544189	0.0414800127447882	0.0395067093280054
RIM2	RAD54	0.000121144064544189	0.0414800127447882	0.0395067093280054
MCM7	YCK1	0.00012170088151157701	0.0415953824245348	0.0396165905961493
PGI1	RAD54	0.00012192796181619299	0.0416429005432218	0.0396618481642779
TAF5	RAD54	0.00012192796181619299	0.0416429005432218	0.0396618481642779
YBR162W	EGD1	0.000122206120813817	0.041707782751275006	0.039723643770511
CCZ1	HMO1	0.000123071654828376	0.041927540729271004	0.0399329473358839
YCL026C	TOR1	0.000123180762890329	0.0419496024041993	0.0399539594841694
BUD3	TEF4	0.00012353941392205802	0.0420339078585564	0.0400342543264239
gIL03	PUS1	0.000123741045903445	0.0420949414910805	0.0400923844430705
YBR139W	MSS4	0.000124126112613382	0.0422031683028317	0.0401954626465335
ADH4	HXK2	0.000124187977965294	0.0422102645490349	0.0402022213073321
SLX1	TIF6	0.000124489573237446	0.0422811514240794	0.0402697359241862
YCL026C	SMC3	0.000124555093400313	0.0422882201556337	0.0402764683792734
gCL01	RGT1	0.000124796261283016	0.0423499123352317	0.0403352257143348
NBR024W	SUB1	0.000124900784193022	0.0423675688031533	0.0403520422218472
RFC4	HSP104	0.000125548276314717	0.0425490575651596	0.0405248971293661
SLI15	RAD26	0.00012571281522391598	0.0425971896103516	0.0405707394180477
PCH2	RAD54	0.000127210332999185	0.0429753443953725	0.0409309044754872
VTA1	RNR2	0.00012756101454923998	0.0430649132460111	0.041016212321673
MLF3	RPL28	0.000128208838073689	0.0432107639816812	0.0411551245890064
gCL01	PAB1	0.00012890583387815502	0.0433298820314817	0.0412685759082752
YBR139W	ENP1	0.00012904081538271499	0.0433521453452326	0.0412897801029424
YOL099C	SSA1	0.000129242016655085	0.0433966200876182	0.0413321390754594
NGL3	SSA1	0.00012987263141293402	0.0435538621327009	0.0414819007403714
YBR162W	ZDS2	0.000130127582354197	0.04359305274978299	0.0415192269660639
YLR334C	TAL1	0.000130771092787668	0.043685188507188	0.0416069796051219
YHR095W	PAB1	0.00013087113461011699	0.0437108896424407	0.0416314580758998
EXO5	BMH2	0.000132056309252108	0.0439979852629075	0.041904895871035006
UBS1	BMH2	0.000132056309252108	0.0439979852629075	0.041904895871035006
YCL022C	TEF4	0.000132230495494093	0.0440346163751041	0.0419397843536115
gPL09	CCS1	0.000132236085210523	0.0440346163751041	0.0419397843536115
YOL106W	YDL124W	0.000132896640453148	0.0441923494814507	0.0420900137188283
gBR07	ZDS2	0.00013293523055318	0.0441974129893288	0.0420948363435259
LEU2	BNA1	0.000134377643429453	0.0445207918268292	0.0424028312762797
gBR08	TIF6	0.000134621961984653	0.0445780138087857	0.0424573310716929
CSH1	MSS4	0.000134991335094474	0.0446141688911438	0.0424917661703089
UTP30	CHA4	0.00013576213279352	0.0447285157159866	0.0426006732432029
gCL01	RPS3	0.000136338162680796	0.0448366994746291	0.0427037104416964
TPS1	MSS4	0.000136359991726371	0.0448366994746291	0.0427037104416964
GTR1	FKH1	0.00013657861115114599	0.044869172455857004	0.0427346386055396
NPR020W	RPT6	0.000136758244268492	0.04491589479766299	0.0427791382537967
CSH1	NEW1	0.00013742333177845702	0.0450639189857039	0.0429201205771735
LEU2	MPE1	0.000138294550343135	0.0452911181778512	0.0431365113603425
NDJ1	SSA1	0.000138509934235546	0.0453259563775439	0.0431696922235512
YML108W	SPO14	0.00013888412181724098	0.0453963309466799	0.0432367189061137
GTR1	CDC34	0.000140202491722121	0.0457149388166688	0.0435401698376917
NML009C	THP1	0.000140206079172455	0.0457149388166688	0.0435401698376917
SKM1	HSP104	0.00014045798392866101	0.0457679467723953	0.0435906560781814
KTR4	BMH1	0.000140492336682286	0.0457679467723953	0.0435906560781814
RTC2	ENP1	0.000140642499437714	0.0458019767754833	0.0436230671926308
NGL3	MDN1	0.000140679779335705	0.0458062320470299	0.0436271200307325
MLF3	UBA1	0.000141936942063075	0.0461044771115196	0.0439111768641716
VPS28	HAM1	0.00014228167752091298	0.0461810472801994	0.0439841044067894
NML011W	CDC45	0.000142950819961629	0.0463383313110469	0.0441339060601029
MPD2	GPD1	0.00014363159963151498	0.0464797125268309	0.0442685614333009
NBR034W	ENP1	0.000143657235378864	0.0464797125268309	0.0442685614333009
NBR035W	ENP1	0.000143657235378864	0.0464797125268309	0.0442685614333009
SLI15	GLC7	0.00014402067690927	0.0465813691261207	0.0443653819850238
YBR225W	TIF6	0.000144053206080245	0.0465839257822295	0.0443678170148866
NBR038W	RAD54	0.00014414800084825902	0.0466066135718189	0.0443894254920614
ILV6	CTK1	0.000144227862588427	0.0466165003062527	0.0443988418908912
NNL035W	CLB5	0.000144386241596968	0.0466517495174418	0.0444324142127961
NBR034W	DNA2	0.000144821209451056	0.0467630669415242	0.0445384360007697
NBR035W	DNA2	0.000144821209451056	0.0467630669415242	0.0445384360007697
MAK5	ENP1	0.00014528040195401499	0.0468526324319387	0.0446237406465855
TAF13	LYS21	0.00014532676268805	0.0468595953350367	0.0446303723077294
SNP1	STP3	0.00014545638353095	0.0468694360486282	0.0446397448750386
ARO4	YCK2	0.000145585768807678	0.0468885190490468	0.0446579200514854
AGP1	BMH2	0.000147430833722054	0.0473363324173236	0.0450844298667682
YCL023C	MDN1	0.000148043530463157	0.0474525167324429	0.0451950870161314
YOL118C	HSP104	0.000151142944370983	0.0482009678525839	0.0459079325263668
AGP2	UBC1	0.0001512715143747	0.04821758493061001	0.0459237590902469
IRA1	YCK1	0.00015194476526283001	0.0483344550892146	0.0460350694558807
gCL01	LYS20	0.000151970712004669	0.0483345813317431	0.0460351896927502
NBR034W	ZDS2	0.000152250822543965	0.0483739804284395	0.0460727144801834
NBR035W	ZDS2	0.000152250822543965	0.0483739804284395	0.0460727144801834
YOL073C	HSP104	0.000152270449961104	0.0483739804284395	0.0460727144801834
YBR174C	RAD54	0.000152357905129023	0.04838451758597401	0.0460827503599314
MLF3	TRM82	0.000153700594824402	0.0486638720289111	0.0463488152438673
VPS63	CCS1	0.00015389175839933302	0.0487080932679241	0.0463909327727734
NBP1	IRC5	0.0001548738518616	0.0489861513723082	0.0466557629880819
HAL9	SSA1	0.00015491418762841598	0.0489907184005971	0.0466601127519119
YCL022C	MPE1	0.00015522806899999098	0.0490571783789376	0.0467234110701259
VTA1	ISW2	0.000155585020796884	0.0491303985390137	0.0467931479720616
CSH1	RIM101	0.000155793549416613	0.0491619733712283	0.0468232207139884
FZF1	HXK2	0.000156014606406299	0.0492235190135196	0.046881838482873
YML108W	RAD54	0.000156176088410669	0.04925803722922901	0.0469147145845017
YNL046W	NSR1	0.000156861881108894	0.0494248953049659	0.0470736348224901
TFC8	PDS5	0.00015734775151396202	0.0495449780167815	0.0471880049124946
MAK5	EGD1	0.00015738107464978898	0.0495472237865627	0.0471901438456361
gPL09	CLB5	0.00015760240908328102	0.0495591725795722	0.0472015242059833
RPB5	ZDS2	0.000158484471987475	0.049762098759362994	0.0473947967020494
gML01	ZDS2	0.000160034408543082	0.0500907963522125	0.0477078573642391
NCR015C	NSE3	0.000160664318449327	0.0502380859017916	0.0478481399976625
NML013W	RPN14	0.000161007811968684	0.0503371726113755	0.0479425129154793
LEU2	PAB1	0.000161561178441591	0.0504351609280502	0.0480358396935645
YPQ1	SSA1	0.000162141853475718	0.0505913871969848	0.0481846339052293
YBR137W	YCK1	0.000163221073599943	0.0508370817659011	0.0484186401958581
gML01	CSR2	0.000164342204179508	0.0510757589333464	0.048645962919588
NML013W	TOR1	0.000164589547725544	0.0511327144304526	0.0487002089074724
AGP1	MMS22	0.000164870811523773	0.0511868079423265	0.0487517290616074
TYR1	EGD1	0.000165204043372549	0.0512059409607788	0.0487699518766104
NLR076W	RNR4	0.000166882507814423	0.0515518978536273	0.0490994507726179
SNP1	DOT1	0.00016729687926407802	0.0516377417484162	0.0491812108680129
NEJ1	SOD1	0.000167785715948925	0.0517619452400915	0.0492995057025237
RFC4	SSA1	0.000168771836112437	0.0519912070864573	0.0495178610145167
AGP1	CDC34	0.00016898704858175	0.0520405560567546	0.0495648623362658
TRM10	GPD1	0.000169505485387198	0.0521662437949236	0.0496845708081145
NBR031C	ENP1	0.00016975604204495301	0.0522178694191069	0.0497337404778788
