SNP	gene	pvalue	qvalue	reject
NCR015C_372	RPL16A	0.001092836510352272	0.029500121531617997	True
NCR015C_373	RPL16A	0.0010417572892129068	0.0290455824322683	True
NCR015C_374	RPL16A	0.0013148999695087216	0.0318324260148128	True
YCL018W_359	RPL16A	0.0008721550444310452	0.0264128588018066	True
YCL018W_360	RPL16A	0.0013762431314571285	0.0328638365447769	True
YCL018W_361	RPL16A	0.0012491329464209755	0.0307764544646672	True
YCL018W_362	RPL16A	0.0012491329464209755	0.0307764544646672	True
YCL018W_363	RPL16A	0.0012491329464209755	0.0307764544646672	True
YCL018W_364	RPL16A	0.0012491329464209755	0.0307764544646672	True
YCL018W_365	RPL16A	0.0012491329464209755	0.0307764544646672	True
YCL018W_366	RPL16A	0.0013159602268023834	0.0318324260148128	True
YCL018W_367	RPL16A	0.0012491329464209755	0.0307764544646672	True
YCL018W_368	RPL16A	0.0012491329464209755	0.0307764544646672	True
YCL018W_369	RPL16A	0.0012491329464209755	0.0307764544646672	True
YCL022C_348	RPL16A	0.0012557826503897564	0.0307764544646672	True
YCL023C_347	RPL16A	0.0018623256151306966	0.041346597032061005	True
YER007W_653	RPL16A	0.0002273487543624107	0.0108578958633773	True
YER007W_654	RPL16A	0.00015498138185922005	0.008083133574996	True
YNL046W_2449	RPL16A	0.0019691385765086902	0.0421835221188382	True
YNL050C_2448	RPL16A	0.0005536805686884989	0.0206256183771007	True
YNL066W_2444	RPL16A	0.0010809199433942738	0.0293914260598129	True
YNL066W_2445	RPL16A	0.0010809199433942738	0.0293914260598129	True
gCL01_349	RPL16A	0.000886293832183338	0.0264128588018066	True
gCL01_350	RPL16A	0.0012539845319560138	0.0307764544646672	True
gCL01_351	RPL16A	0.000886293832183338	0.0264128588018066	True
gCL01_352	RPL16A	0.000886293832183338	0.0264128588018066	True
gCL01_353	RPL16A	0.000886293832183338	0.0264128588018066	True
gCL01_354	RPL16A	0.000886293832183338	0.0264128588018066	True
gCL01_355	RPL16A	0.000886293832183338	0.0264128588018066	True
gCL01_356	RPL16A	0.0012435246910783013	0.0307764544646672	True
gCL01_357	RPL16A	0.000886293832183338	0.0264128588018066	True
gCL01_358	RPL16A	0.000886293832183338	0.0264128588018066	True
gCR02_375	RPL16A	0.0010445577556442022	0.0290455824322683	True
gNL07_2446	RPL16A	0.002247538062825299	0.0460027043415035	True
gNL07_2447	RPL16A	0.002247538062825299	0.0460027043415035	True
YGL226W_903	RPL23A	0.000587135795574751	0.0212348417872186	True
YGL226W_904	RPL23A	0.000587135795574751	0.0212348417872186	True
YGL228W_901	RPL23A	0.000587135795574751	0.0212348417872186	True
NBR031C_279	RPL8A	0.0009440334008211898	0.0272612236513047	True
NBR034W_280	RPL8A	0.0005248889478593456	0.0199521200068676	True
NBR034W_281	RPL8A	0.0008077097361649884	0.0259385099611351	True
NBR035W_282	RPL8A	0.0005248889478593456	0.0199521200068676	True
YBR142W_273	RPL8A	0.0013469771314943298	0.0323724985453215	True
YBR144C_274	RPL8A	0.001677373210428008	0.038334499185402	True
YBR144C_275	RPL8A	0.001677373210428008	0.038334499185402	True
YBR147W_276	RPL8A	0.001987921107881729	0.0421835221188382	True
YBR154C_277	RPL8A	0.0005512323365715901	0.0206256183771007	True
YBR161W_284	RPL8A	0.0009296792267548438	0.0272199482370971	True
YBR161W_285	RPL8A	0.0009048287152511855	0.0267512158316422	True
YBR165W_289	RPL8A	0.0022976738769290854	0.0467718978600222	True
YBR193C_301	RPL8A	0.0019374393067241866	0.0421835221188382	True
gBR08_271	RPL8A	0.0021306638371888027	0.0443414202688618	True
gBR08_272	RPL8A	0.001571376869056874	0.036585422015691	True
NBR031C_279	RPP2B	3.205520828092381e-07	0.000175364011534279	True
NBR034W_280	RPP2B	1.2556721903947806e-07	0.00011994292207873899	True
NBR034W_281	RPP2B	2.3274984225332556e-07	0.000173407184399433	True
NBR035W_282	RPP2B	1.2556721903947806e-07	0.00011994292207873899	True
NBR035W_283	RPP2B	4.880571833597542e-07	0.000202011407929975	True
NBR051C_325	RPP2B	6.369771214503096e-06	0.00148303549972621	True
NBR056W_326	RPP2B	2.2703197232597448e-05	0.0021803115598456	True
YBR147W_276	RPP2B	1.0340331472863809e-07	0.00011994292207873899	True
YBR154C_277	RPP2B	1.287914167566435e-07	0.00011994292207873899	True
YBR156C_278	RPP2B	1.0151073992657795e-06	0.000378146155257373	True
YBR161W_284	RPP2B	4.2822027704389e-07	0.000199399900301826	True
YBR161W_285	RPP2B	3.2952685684864976e-07	0.000175364011534279	True
YBR162W_286	RPP2B	1.3368243970243377e-06	0.000452719679401451	True
YBR163W_287	RPP2B	2.108223841288462e-06	0.000604117009295146	True
YBR165W_288	RPP2B	2.108223841288462e-06	0.000604117009295146	True
YBR166C_290	RPP2B	3.821814469335687e-06	0.0010169257873119	True
YBR172C_292	RPP2B	1.336956017063667e-05	0.00186505276140905	True
YBR174C_293	RPP2B	6.23480482160889e-06	0.00148303549972621	True
YBR218C_314	RPP2B	8.883121625180444e-05	0.00580548421319277	True
YBR222C_315	RPP2B	2.193234867359154e-05	0.0021803115598456	True
YBR222C_316	RPP2B	0.0001022006731359194	0.00656407384850257	True
YBR225W_317	RPP2B	1.3611393980544472e-05	0.00186505276140905	True
YBR228W_319	RPP2B	1.0320633678003163e-05	0.0015378502601712698	True
YBR229C_320	RPP2B	1.5194152585950864e-05	0.0018867003258068898	True
YBR229C_321	RPP2B	1.0320633678003163e-05	0.0015378502601712698	True
YBR229C_322	RPP2B	1.7567742164917734e-05	0.00198312324301587	True
YBR230C_323	RPP2B	1.5049181101057654e-05	0.0018867003258068898	True
YNL050C_2448	RPS0A	0.0007714677874843395	0.0253915355884421	True
YBR142W_273	RPS14A	0.001407936795410837	0.0334065173363671	True
YBR144C_274	RPS14A	0.001993002348665221	0.0421835221188382	True
YBR144C_275	RPS14A	0.001993002348665221	0.0421835221188382	True
YBR222C_315	RPS14A	0.0018393360846605505	0.0412762941489319	True
YBR222C_316	RPS14A	0.00244694237069329	0.0490070423144915	True
YNL050C_2448	RPS14A	0.0002712338183450648	0.0123219000367925	True
gNL07_2446	RPS14A	0.0015394107341332277	0.0360665899199128	True
gNL07_2447	RPS14A	0.0015394107341332277	0.0360665899199128	True
YCL009C_371	RPS17A	2.602112300702387e-05	0.00236423082117085	True
YNL066W_2444	RPS17A	0.0023899291957146284	0.0481239206461228	True
YNL066W_2445	RPS17A	0.0023899291957146284	0.0481239206461228	True
gCL01_349	RPS17A	0.00011840245212034918	0.00668289221875193	True
gCL01_350	RPS17A	0.00018038894721045812	0.00884186800642425	True
gCL01_351	RPS17A	0.00011840245212034918	0.00668289221875193	True
gCL01_352	RPS17A	0.00011840245212034918	0.00668289221875193	True
gCL01_353	RPS17A	0.00011840245212034918	0.00668289221875193	True
gCL01_354	RPS17A	0.00011840245212034918	0.00668289221875193	True
gCL01_355	RPS17A	0.00011840245212034918	0.00668289221875193	True
gCL01_357	RPS17A	0.00011840245212034918	0.00668289221875193	True
gCL01_358	RPS17A	0.00011840245212034918	0.00668289221875193	True
gNL07_2446	RPS17A	0.0012079867043275903	0.0307764544646672	True
gNL07_2447	RPS17A	0.0012079867043275903	0.0307764544646672	True
YNL050C_2448	RPS19A	0.0019928171857854825	0.0421835221188382	True
NCR015C_372	RPS1A	0.00023795303007904166	0.0112204905386184	True
NCR015C_373	RPS1A	0.00014512175682146537	0.00795007654680111	True
NCR015C_374	RPS1A	0.00015104341418975916	0.008058753214363291	True
YCL009C_371	RPS1A	0.0001514321891712078	0.008058753214363291	True
YCL014W_370	RPS1A	0.0002618730589519092	0.0121940656820866	True
YCL018W_359	RPS1A	0.0003274577959558779	0.0132591353130126	True
YCL018W_360	RPS1A	0.00035243476461814494	0.014117034900046002	True
YCL018W_361	RPS1A	0.0003237203247962938	0.0132518426604257	True
YCL018W_362	RPS1A	0.0003237203247962938	0.0132518426604257	True
YCL018W_363	RPS1A	0.0003237203247962938	0.0132518426604257	True
YCL018W_364	RPS1A	0.0003237203247962938	0.0132518426604257	True
YCL018W_365	RPS1A	0.0003237203247962938	0.0132518426604257	True
YCL018W_366	RPS1A	0.0001787112532449953	0.00884186800642425	True
YCL018W_367	RPS1A	0.0003237203247962938	0.0132518426604257	True
YCL018W_368	RPS1A	0.0003237203247962938	0.0132518426604257	True
YCL018W_369	RPS1A	0.0003237203247962938	0.0132518426604257	True
YCL022C_348	RPS1A	0.0005075023482045075	0.0199004156082328	True
gCL01_349	RPS1A	0.000783861096843777	0.0253915355884421	True
gCL01_350	RPS1A	0.000935297059432147	0.0272199482370971	True
gCL01_351	RPS1A	0.000783861096843777	0.0253915355884421	True
gCL01_352	RPS1A	0.000783861096843777	0.0253915355884421	True
gCL01_353	RPS1A	0.000783861096843777	0.0253915355884421	True
gCL01_354	RPS1A	0.000783861096843777	0.0253915355884421	True
gCL01_355	RPS1A	0.000783861096843777	0.0253915355884421	True
gCL01_356	RPS1A	0.0009981023498508764	0.0286008816878694	True
gCL01_357	RPS1A	0.000783861096843777	0.0253915355884421	True
gCL01_358	RPS1A	0.000783861096843777	0.0253915355884421	True
gCR02_375	RPS1A	0.0003745631988205471	0.0148437949833012	True
YBR207W_311	RPS22A	0.0019092898337080384	0.0418379729145145	True
YBR218C_314	RPS22A	0.0016978025991550528	0.0385647963012863	True
YBR226C_318	RPS22A	0.002064462202761016	0.0434491580658705	True
YBR222C_315	RPS7B	0.0016131708013273779	0.0373252024744372	True
YNL050C_2448	RPS7B	0.0005981370769864197	0.0214247163311616	True
NBR031C_279	TIF6	7.826082417640559e-05	0.0053006535951469	True
NBR034W_280	TIF6	2.747417868192058e-05	0.00238014797685832	True
NBR034W_281	TIF6	4.6080265770291556e-05	0.0035761969921600397	True
NBR035W_282	TIF6	2.747417868192058e-05	0.00238014797685832	True
NBR035W_283	TIF6	3.0137410613999985e-05	0.00255153161879936	True
NBR038W_296	TIF6	1.4018497157927606e-05	0.00186505276140905	True
NBR041W_297	TIF6	2.5013246604448168e-05	0.00232947347266358	True
NBR043C_303	TIF6	1.6209994451686102e-05	0.0019479099144939199	True
NBR056W_326	TIF6	0.0018646673112218735	0.041346597032061005	True
YBR142W_273	TIF6	6.418933183892348e-05	0.00451164252139214	True
YBR144C_274	TIF6	0.00015839990619031009	0.008083133574996	True
YBR144C_275	TIF6	0.00015839990619031009	0.008083133574996	True
YBR147W_276	TIF6	3.7621432886431356e-05	0.00304666845908795	True
YBR154C_277	TIF6	4.5784929737555025e-05	0.0035761969921600397	True
YBR156C_278	TIF6	5.050966420706572e-05	0.0036184188182107205	True
YBR161W_284	TIF6	3.256976249198978e-05	0.0026961855295968102	True
YBR161W_285	TIF6	1.7365596650767937e-05	0.00198312324301587	True
YBR162W_286	TIF6	7.224810189428228e-05	0.0049840269001068	True
YBR163W_287	TIF6	4.931836481015802e-05	0.00360235234184471	True
YBR165W_288	TIF6	4.931836481015802e-05	0.00360235234184471	True
YBR165W_289	TIF6	0.00016109292884431095	0.00810946966363686	True
YBR166C_290	TIF6	8.639466972799204e-05	0.00574707172716063	True
YBR168W_291	TIF6	0.00026956434953394315	0.0123219000367925	True
YBR172C_292	TIF6	0.0002768149161816142	0.0124239327444423	True
YBR174C_293	TIF6	0.00012964956898606558	0.00720848452275919	True
YBR176W_294	TIF6	2.1794835485311927e-05	0.0021803115598456	True
YBR176W_295	TIF6	2.1794835485311927e-05	0.0021803115598456	True
YBR186W_298	TIF6	2.282629726284181e-05	0.0021803115598456	True
YBR188C_299	TIF6	1.015446242363955e-05	0.0015378502601712698	True
YBR192W_300	TIF6	1.015446242363955e-05	0.0015378502601712698	True
YBR193C_301	TIF6	1.9549772599844732e-05	0.00214195572111943	True
YBR196C_302	TIF6	7.994488471788744e-06	0.00148904691318519	True
YBR198C_304	TIF6	7.994488471788744e-06	0.00148904691318519	True
YBR198C_305	TIF6	7.994488471788744e-06	0.00148904691318519	True
YBR198C_306	TIF6	7.994488471788744e-06	0.00148904691318519	True
YBR199W_307	TIF6	9.237379935982886e-06	0.0015378502601712698	True
YBR202W_310	TIF6	4.845136500218038e-05	0.00360235234184471	True
YBR207W_311	TIF6	0.00019499245809820166	0.009433541940610041	True
YBR218C_314	TIF6	0.000523176762672953	0.0199521200068676	True
YBR222C_315	TIF6	0.0006193611004348541	0.0219736560471868	True
YBR222C_316	TIF6	0.001708249759122524	0.0385669344459895	True
YBR225W_317	TIF6	0.0012101354866011556	0.0307764544646672	True
YBR226C_318	TIF6	0.0021121634920745714	0.0442033541785816	True
YBR228W_319	TIF6	0.0010526067782159856	0.0290455824322683	True
YBR229C_320	TIF6	0.0010478356565771574	0.0290455824322683	True
YBR229C_321	TIF6	0.0010526067782159856	0.0290455824322683	True
YBR229C_322	TIF6	0.0006889888477250504	0.0242133022194537	True
gBR07_265	TIF6	0.0019023800987880795	0.0418379729145145	True
gBR09_313	TIF6	0.002241724265824576	0.0460027043415035	True
