SNP	problematic_strain
YAL065C_45	1_3_d
YAL065C_46	1_3_d
YAL065C_47	1_3_d
YAR027W_97	2_7_a
NAR005C_112	2_7_a
NAR005C_113	2_7_a
NAR005C_114	2_7_a
NAR005C_115	2_7_a
NAR005C_116	2_7_a
NAR005C_118	15_4_d
NAR005C_119	2_7_a
NAR005C_119	15_4_d
NAR005C_120	2_7_a
NAR005C_120	15_4_d
NAR005C_121	2_7_a
NAR005C_121	15_4_d
NAR005C_122	2_7_a
NAR005C_122	15_4_d
NAR005C_123	2_7_a
NAR005C_123	15_4_d
YAR047C_138	4_2_a
YAR047C_139	4_2_a
YAR047C_140	4_2_a
YAR047C_141	4_2_a
YAR047C_142	4_2_a
YAR047C_143	4_2_a
YAR047C_144	4_2_a
YAR047C_145	4_2_a
YAR047C_146	4_2_a
gBL03_168	15_3_b
YBL030C_183	15_5_b
gBL05_203	14_3_d
gBL05_203	15_4_d
gBL05_204	14_3_d
gBL05_204	15_4_d
NBR008W_218	14_3_d
NBR008W_218	15_4_d
NBR008W_219	14_3_d
NBR008W_219	15_4_d
YBR092C_245	15_4_d
YBR092C_246	15_4_d
YBR092C_247	15_4_d
YBR092C_248	15_4_d
YBR092C_249	15_4_d
gBR07_265	2_7_a
YBR165W_289	9_7_d
YCR071C_382	10_2_d
gDL02_439	14_3_d
gDL02_440	14_3_d
YDL008W_484	5_2_d
YDR066C_530	15_4_d
YDR233C_547	7_6_c
YDR252W_552	14_3_d
YDR252W_552	15_4_d
YDR515W_595	14_3_d
YDR515W_595	15_4_d
YDR515W_596	14_3_d
YDR515W_596	15_4_d
YEL058W_627	17_2_d
YEL058W_628	17_2_d
YER019W_658	2_1_d
YER022W_670	7_1_d
YER022W_671	7_1_d
NER009C_681	15_4_d
NER009C_682	14_3_d
NER009C_682	15_4_d
NER009C_683	14_3_d
NER009C_683	15_4_d
NER009C_684	15_4_d
NER009C_685	14_3_d
NER009C_685	15_4_d
YER080W_710	15_4_d
gER03_718	15_4_d
gER03_718	21_2_d
YER188W_746	9_5_d
YER188W_747	9_5_d
YER188W_748	9_5_d
YER188W_749	9_5_d
YER188W_749	14_3_d
YER188W_750	9_5_d
YER188W_750	14_3_d
YER188W_751	9_5_d
YER188W_751	14_3_d
YER188W_752	9_5_d
YER188W_752	14_3_d
YER188W_753	9_5_d
YER188W_753	14_3_d
YER188W_754	9_5_d
YER188W_754	14_3_d
YER188W_755	9_5_d
YER188W_756	9_5_d
YER188W_756	14_3_d
NFL013C_759	2_7_a
NFL013C_759	15_4_d
NFL013C_759	21_3_d
NFL013C_760	2_7_a
NFL013C_760	14_3_d
NFL013C_760	15_4_d
NFL013C_760	21_3_d
NFL013C_761	2_7_a
NFL013C_761	14_3_d
NFL013C_761	15_4_d
NFL013C_761	21_3_d
NFL013C_762	2_7_a
NFL013C_762	14_3_d
NFL013C_762	15_4_d
NFL013C_762	21_3_d
NFL013C_763	2_7_a
NFL013C_763	14_3_d
NFL013C_763	21_3_d
NFL013C_764	2_7_a
NFL013C_764	7_6_c
NFL013C_764	14_3_d
NFL013C_764	15_4_d
NFL013C_764	21_3_d
NFL013C_765	2_7_a
NFL013C_765	5_2_d
NFL013C_765	7_6_c
NFL013C_765	8_7_b
NFL013C_765	14_3_d
NFL013C_765	15_4_d
NFL013C_765	17_1_a
NFL013C_765	17_2_d
NFL013C_765	19_1_c
NFL013C_765	19_4_b
NFL013C_765	21_3_d
NFL013C_765	21_4_d
YFL056C_767	14_3_d
YFL056C_767	15_4_d
YFL044C_784	14_3_d
NFL010C_787	14_3_d
NFL010C_788	14_3_d
gFL01_792	14_3_d
gFL01_792	17_1_a
YFL019C_803	14_3_d
NFL003C_805	14_3_d
NFL003C_806	14_3_d
NFL003C_807	14_3_d
NFL003C_809	14_3_d
NFL003C_810	14_3_d
YFL004W_820	15_4_d
gFL02_825	2_7_a
gFL02_826	2_7_a
gFL02_827	2_7_a
gFL02_827	15_4_d
gFL02_828	2_7_a
gFL02_828	15_4_d
gFL02_829	2_7_a
YFR014C_842	5_1_d
YFR014C_843	5_1_d
YFR039C_857	18_3_d
YFR053C_865	7_6_c
YFR053C_865	21_3_d
YFR053C_866	7_6_c
YFR053C_866	21_3_d
NGL043C_872	14_3_d
NGL043C_872	15_4_d
NGL043C_873	14_3_d
NGL043C_873	15_4_d
NGL043C_874	14_3_d
NGL043C_874	15_4_d
NGL043C_874	21_3_d
NGL043C_875	14_3_d
NGL043C_875	15_4_d
NGL043C_876	14_3_d
NGL043C_876	15_4_d
NGL043C_876	21_3_d
YGL195W_935	12_2_b
YGL195W_936	12_2_b
YGL195W_937	12_2_b
YGL168W_950	14_3_d
YGL168W_950	15_4_d
YGL168W_951	14_3_d
YGL168W_951	15_4_d
YGL053W_966	14_3_d
YGL053W_966	15_4_d
YGL053W_967	14_3_d
YGL053W_967	15_4_d
YGL053W_968	14_3_d
YGL053W_968	15_4_d
YGL053W_969	14_3_d
YGL053W_969	15_4_d
YGL053W_970	14_3_d
YGL053W_970	15_4_d
YGL053W_971	14_3_d
YGL053W_971	15_4_d
YGL053W_972	14_3_d
YGL053W_973	14_3_d
YGL053W_973	15_4_d
YGL052W_975	14_3_d
YGL052W_975	15_4_d
YGL052W_976	14_3_d
YGL052W_976	15_4_d
YGL052W_977	14_3_d
YGL052W_977	15_4_d
YGL052W_978	14_3_d
YGL052W_978	15_4_d
YGL052W_979	14_3_d
YGL052W_979	15_4_d
YGL051W_985	14_3_d
YGR104C_1019	7_3_d
YGR104C_1019	21_3_d
NGR058C_1059	14_3_d
NGR058C_1059	15_4_d
YGR211W_1098	20_1_d
YGR222W_1101	23_3_d
YGR222W_1102	19_3_c
YGR222W_1102	23_3_d
NGR126C_1130	9_2_d
YGR295C_1140	2_7_a
YGR295C_1141	2_7_a
YGR295C_1142	2_7_a
YGR295C_1143	2_7_a
YGR295C_1146	2_7_a
YGR295C_1147	2_7_a
YGR295C_1148	2_7_a
YGR295C_1149	2_7_a
YHL048W_1176	4_3_d
YHL048W_1177	4_3_d
YHL048W_1178	4_3_d
YHL048W_1179	4_3_d
YHL048W_1180	4_3_d
YHL048W_1181	4_3_d
YHL048W_1182	4_3_d
YHL048W_1183	4_3_d
YHL048W_1184	4_3_d
YHL048W_1186	4_3_d
YHL048W_1187	4_3_d
YHL048W_1188	4_3_d
YHL048W_1189	4_3_d
YHL022C_1215	15_4_d
NHR001C_1231	14_3_d
NHR001C_1232	14_3_d
NHR001C_1233	14_3_d
NHR001C_1234	14_3_d
NHR001C_1235	14_3_d
gHR03_1249	13_2_c
gHR03_1249	18_1_d
gHR03_1250	13_2_c
gHR03_1250	18_1_d
gHR03_1251	13_2_c
gHR03_1251	18_1_d
gHR03_1252	13_2_c
gHR03_1252	18_1_d
gHR03_1253	13_2_c
gHR03_1253	18_1_d
gHR03_1254	13_2_c
gHR03_1254	14_3_d
gHR03_1254	18_1_d
NHR006C_1258	7_6_c
NHR006C_1259	7_6_c
NHR006C_1259	9_5_d
NHR006C_1260	9_5_d
NHR006C_1261	7_6_c
NHR006C_1261	9_5_d
NHR006C_1262	7_6_c
NHR006C_1262	9_5_d
YHR033W_1265	22_5_d
NHR011W_1273	21_3_d
YIL015C_1377	14_3_d
YIL015C_1378	14_3_d
gIR04_1385	2_6_d
gIR04_1385	7_1_d
gIR04_1385	13_4_a
YIR020C_1390	2_3_d
YIR042C_1410	14_3_d
YIR042C_1411	14_3_d
YIR042C_1412	14_3_d
YIR042C_1413	14_3_d
YIR043C_1421	6_2_b
YIR043C_1422	6_2_b
YIR043C_1423	6_2_b
YIR043C_1424	6_2_b
YJL182C_1483	2_7_b
YJL173C_1488	14_3_d
YJL170C_1493	2_7_b
YJL140W_1508	2_7_b
YJL125C_1514	2_7_a
YJL029C_1540	2_7_a
YJL029C_1540	14_3_d
YJR008W_1557	14_3_d
YJR008W_1558	14_3_d
YJR008W_1559	14_3_d
YJR021C_1563	2_2_d
YJR021C_1563	5_3_d
NJR008W_1569	21_3_d
NJR008W_1570	21_3_d
NJR008W_1571	14_3_d
NJR008W_1571	21_3_d
NJR008W_1572	14_3_d
NJR008W_1572	21_3_d
NJR009W_1574	4_4_d
NJR009W_1575	4_4_d
NJR009W_1575	7_6_c
NJR009W_1575	9_7_d
NJR009W_1575	18_3_d
NJR009W_1576	4_4_d
NJR009W_1576	7_6_c
NJR009W_1576	9_7_d
NJR009W_1576	18_3_d
YJR088C_1614	15_4_d
gKL01_1638	1_2_d
gKL01_1638	14_3_d
gKL01_1638	26_3_d
NKL041W_1647	14_3_d
NKL041W_1648	14_3_d
NKL025W_1685	12_1_d
NKL025W_1686	12_1_d
YKL022C_1736	6_3_c
YKL022C_1737	6_3_c
NKL001C_1741	14_3_d
NKL001C_1741	21_3_d
gKR05_1761	14_3_d
gKR05_1762	14_3_d
NKR010W_1785	14_3_d
NKR010W_1785	21_3_d
gKR06_1787	14_2_c
gKR06_1787	15_5_b
gKR06_1787	18_1_d
gKR06_1787	21_2_d
gKR06_1788	14_2_c
gKR06_1788	15_5_b
gKR06_1788	21_2_d
gKR07_1804	22_5_d
gKR07_1805	22_5_d
gKR07_1806	22_5_d
gKR07_1807	22_5_d
gKR07_1808	22_5_d
gKR07_1809	22_5_d
gKR07_1810	22_5_d
gKR07_1811	22_5_d
gKR07_1812	22_5_d
gKR07_1813	22_5_d
gKR07_1815	22_5_d
gKR07_1816	22_5_d
gKR07_1817	22_5_d
gKR07_1818	22_5_d
gKR07_1819	22_5_d
gKR07_1820	22_5_d
gKR07_1821	22_5_d
gKR07_1822	22_5_d
gKR07_1823	22_5_d
gKR07_1824	22_5_d
gKR07_1825	22_5_d
gKR07_1826	22_5_d
gKR07_1827	22_5_d
YKR102W_1829	14_3_d
YKR102W_1829	15_4_d
YKR102W_1830	14_3_d
YKR102W_1830	15_4_d
YKR102W_1831	14_3_d
YKR102W_1831	15_4_d
YKR102W_1832	14_3_d
YKR102W_1832	15_4_d
YKR102W_1833	14_3_d
YKR102W_1833	15_4_d
YKR102W_1834	14_3_d
YKR102W_1834	15_4_d
YKR102W_1835	14_3_d
YKR102W_1835	15_4_d
YKR102W_1836	14_3_d
YKR102W_1836	15_4_d
YKR102W_1837	14_3_d
YKR102W_1837	15_4_d
YKR102W_1838	14_3_d
YKR102W_1838	15_4_d
YKR102W_1839	14_3_d
YKR102W_1839	15_4_d
YKR102W_1841	14_3_d
YKR102W_1841	15_4_d
YKR102W_1842	14_3_d
YKR102W_1842	15_4_d
gKR08_1876	14_3_d
gKR08_1876	15_4_d
gKR08_1877	14_3_d
gKR08_1877	15_4_d
gKR08_1878	14_3_d
gKR08_1878	15_4_d
gKR08_1879	14_3_d
gKR08_1879	15_4_d
gKR08_1880	14_3_d
gKR08_1880	15_4_d
gKR08_1881	14_3_d
gKR08_1881	15_4_d
gKR08_1882	14_3_d
gKR08_1882	15_4_d
gKR08_1883	14_3_d
gKR08_1883	15_4_d
gKR08_1884	14_3_d
gKR08_1884	15_4_d
gKR08_1885	14_3_d
gKR08_1885	15_4_d
gKR08_1886	14_3_d
gKR08_1886	15_4_d
gKR08_1887	14_3_d
gKR08_1887	15_4_d
gKR08_1888	14_3_d
gKR08_1888	15_4_d
gKR08_1889	14_3_d
gKR08_1889	15_4_d
YKR104W_1907	14_3_d
YKR104W_1908	14_3_d
YKR104W_1908	15_4_d
YKR104W_1909	14_3_d
YKR104W_1909	15_4_d
YKR104W_1910	14_3_d
YKR104W_1910	15_4_d
YKR104W_1911	14_3_d
YKR104W_1911	15_4_d
YKR104W_1912	14_3_d
YKR104W_1912	15_4_d
YKR104W_1913	14_3_d
YKR104W_1913	15_4_d
YKR104W_1914	14_3_d
YKR104W_1914	15_4_d
NLL003W_1941	14_3_d
NLL003W_1942	14_3_d
YLR074C_1972	2_2_d
YLR176C_2033	22_5_d
gLR07_2050	2_7_d
gLR07_2050	21_3_d
gLR07_2051	2_7_d
gLR07_2051	14_3_d
gLR07_2051	15_4_d
gLR07_2051	21_3_d
gLR07_2051	21_4_d
YLR274W_2070	14_3_d
YLR282C_2077	7_6_c
YLR282C_2077	14_3_d
YLR282C_2077	15_4_d
YLR282C_2077	18_3_d
YLR282C_2077	21_3_d
YLR288C_2086	2_3_d
YLR314C_2102	18_3_d
gLR09_2114	21_1_d
gLR09_2115	21_1_d
YLR421C_2154	2_7_a
YLR421C_2155	2_7_a
YLR457C_2174	14_3_d
YLR457C_2174	15_4_d
YLR460C_2178	14_3_d
YLR460C_2178	15_4_d
YLR460C_2179	14_3_d
YLR460C_2179	15_4_d
YLR460C_2180	14_3_d
YLR460C_2180	15_4_d
YLR460C_2181	14_3_d
YLR460C_2181	15_4_d
YML120C_2184	20_3_c
YML120C_2185	20_3_c
YML118W_2187	14_3_d
YML118W_2187	15_4_d
YML056C_2225	21_3_d
YML056C_2226	7_4_c
NML001C_2242	14_3_d
NML001C_2242	15_4_d
YMR010W_2268	23_4_d
gMR06_2280	1_5_c
gMR06_2280	14_3_d
gMR06_2281	1_5_c
gMR06_2281	14_3_d
gMR06_2281	15_4_d
YMR052W_2283	14_3_d
YMR052W_2283	15_4_d
NMR025W_2297	14_3_d
NMR025W_2297	15_4_d
NMR025W_2298	4_4_d
NMR025W_2298	14_3_d
NMR025W_2298	15_4_d
NMR027W_2304	14_3_d
NMR027W_2305	14_3_d
NMR027W_2305	15_4_d
NMR027W_2306	14_3_d
NMR027W_2306	15_4_d
NMR027W_2307	14_3_d
NMR027W_2307	15_4_d
NMR028W_2309	21_3_d
YMR119W_2323	14_3_d
YMR119W_2324	14_3_d
YMR119W_2325	14_3_d
YMR119W_2327	14_3_d
YMR119W_2328	14_3_d
YMR119W_2329	14_3_d
YMR119W_2330	14_3_d
YMR119W_2330	15_4_d
YMR119W_2331	14_3_d
YMR119W_2331	15_4_d
YMR145C_2337	21_3_d
YMR145C_2338	17_5_b
NMR044C_2340	11_3_b
NMR044C_2340	21_3_d
NMR044C_2341	11_3_b
NMR044C_2341	21_3_d
NMR044C_2342	11_3_b
NMR044C_2342	21_3_d
gMR11_2365	7_4_c
gMR11_2365	19_3_c
YMR324C_2383	14_3_d
YMR324C_2383	15_4_d
YMR324C_2383	18_3_d
YNL322C_2391	9_1_d
YNL322C_2392	9_1_d
NNL055W_2410	15_4_d
NNL038C_2439	14_3_d
NNL038C_2439	15_4_d
NNL004W_2467	14_3_d
YOL164W_2532	15_5_b
YOL164W_2533	15_5_b
YOL164W_2534	15_5_b
YOL164W_2535	15_5_b
YOL164W_2536	15_5_b
YOL164W_2537	15_5_b
YOL164W_2538	15_5_b
YOL164W_2539	15_5_b
YOL164W_2540	15_5_b
NOL046W_2575	4_4_d
YOL150C_2587	26_2_d
YOL123W_2595	21_3_d
YOL123W_2596	21_3_d
gOL02_2627	15_4_d
gOL02_2628	15_4_d
NOL009W_2643	15_4_d
YOR029W_2667	18_3_d
YOR029W_2668	18_3_d
YOR029W_2669	18_3_d
SNR62_2676	4_4_d
YOR059C_2694	15_4_d
YOR072W_2698	8_1_a
YOR087W_2711	15_4_d
YOR087W_2712	15_4_d
NOR011W_2732	15_4_d
NOR011W_2735	15_4_d
YOR140W_2743	14_3_d
SNR31_2772	14_3_d
SNR31_2773	8_1_a
SNR31_2773	14_3_d
YPL246C_2801	18_3_d
YPL223C_2815	6_7_d
YPL223C_2816	6_7_d
YPL095C_2830	14_3_d
YPL064C_2836	7_3_d
YPL064C_2836	17_2_d
YPL064C_2837	7_3_d
YPL064C_2837	17_2_d
YPL035C_2844	2_7_a
NPR020W_2877	15_4_d
NPR020W_2878	15_4_d
